time/time_elapsed,rollout/success_rate,train/actor_loss,time/total_timesteps,train/n_updates,train/critic_loss,train/ent_coef,train/ent_coef_loss,train/learning_rate,time/episodes,time/fps,eval/success_rate,eval/mean_reward,eval/mean_ep_length
21,0.0,-3.977517381310463,12800,688,0.01745868957368657,0.8154095262289047,-0.6871878802776337,0.0003,64,583,,,
68,0.0,-8.385717391967773,25600,3888,0.0054346526303561404,0.3122644033282995,-3.909263163805008,0.0003,128,374,,,
116,0.0,-6.844771474599838,38400,7088,0.008788919658400118,0.11984632490202785,-7.02604666352272,0.0003,192,329,,,
165,0.0,-3.1752170771360397,51200,10288,0.012481235549785197,0.04630677914246917,-9.742495357990265,0.0003,256,309,,,
214,0.0,0.7519273050129414,64000,13488,0.026465303933946416,0.018030130537226796,-12.292285025119781,0.0003,320,298,,,
261,0.0,4.233384221792221,76800,16688,0.03303720320400316,0.007217309466795996,-12.427225887775421,0.0003,384,293,,,
308,0.0,7.173682600259781,89600,19888,0.11907655431423336,0.0031077050225576386,-7.741237491369247,0.0003,448,290,,,
355,0.0,9.732658803462982,102400,23088,0.08593436994124204,0.0015605845328536816,-3.719315156340599,0.0003,512,288,,,
402,0.02,11.409513652324677,115200,26288,0.3333258214406669,0.0016692113640601747,4.689564809203148,0.0003,576,285,,,
450,0.0,11.505596160888672,128000,29488,1.7234400901943445,0.002844806687789969,0.5842545512132347,0.0003,640,284,,,
498,0.01,9.60004872083664,140800,32688,11.578678168356419,0.0048041085829027,1.680462734773755,0.0003,704,282,,,
546,0.05,1.5977820418775082,153600,35888,11.664128601551056,0.007613934052642435,-0.6178189553320408,0.0003,768,281,,,
594,0.05,-1.3145077414810658,166400,39088,37.29115664958954,0.008802945842035115,-0.5373481083661318,0.0003,832,279,,,
642,0.09,-8.475738003849983,179200,42288,38.698629915714264,0.009257260768208653,0.04274194501340389,0.0003,896,278,,,
691,0.05,-11.72756290435791,192000,45488,89.60975769162178,0.011268824629951268,-0.40553069300949574,0.0003,960,277,,,
739,0.03,-18.63814789056778,204800,48688,43.59346956014633,0.011512992554344237,-0.05746861454099417,0.0003,1024,277,,,
787,0.08,-20.056443691253662,217600,51888,82.20595455169678,0.01390614453703165,0.5281575592234731,0.0003,1088,276,,,
835,0.17,-24.60473895072937,230400,55088,41.12786504626274,0.017112308414652944,-0.45749557204544544,0.0003,1152,275,,,
884,0.16,-32.390942335128784,243200,58288,102.58814960718155,0.017680898308753967,-0.25557185895740986,0.0003,1216,275,,,
932,0.2,-41.26573693752289,256000,61488,117.63633173704147,0.017303888336755335,-0.8876335211098194,0.0003,1280,274,,,
980,0.13,-46.32259178161621,268800,64688,189.6375024318695,0.016939148888923228,-0.24005293287336826,0.0003,1344,274,,,
1028,0.18,-53.82810020446777,281600,67888,199.1231096982956,0.019957118085585535,-0.1973928171209991,0.0003,1408,273,,,
1076,0.12,-52.496851444244385,294400,71088,208.05895173549652,0.018358913250267506,0.24468422797508538,0.0003,1472,273,,,
1123,0.09,-56.014665365219116,307200,74288,293.2220488190651,0.02113906608428806,-0.5537329129874706,0.0003,1536,273,,,
1170,0.08,-57.41711354255676,320000,77488,159.70381271839142,0.021925461827777326,-0.2376123145222664,0.0003,1600,273,,,
1218,0.07,-59.81895923614502,332800,80688,63.08810043334961,0.022915560519322753,0.077737791929394,0.0003,1664,273,,,
1264,0.16,-61.41131281852722,345600,83888,141.28430008888245,0.027393699740059674,-0.7184387091547251,0.0003,1728,273,,,
1312,0.18,-65.89867663383484,358400,87088,116.6364272236824,0.026752762962132692,-0.4852320281788707,0.0003,1792,273,,,
1361,0.18,-69.6688175201416,371200,90288,439.09762823581696,0.02668593020644039,-0.5024373354390264,0.0003,1856,272,,,
1407,0.2,-78.72285223007202,384000,93488,153.51430821418762,0.02931917319074273,0.13429018668830395,0.0003,1920,272,,,
1456,0.2,-78.86862182617188,396800,96688,123.37871837615967,0.02941154409199953,0.4577996963635087,0.0003,1984,272,,,
1504,0.26,-77.96566581726074,409600,99888,507.3727208375931,0.032580955885350704,1.057652530260384,0.0003,2048,272,,,
1552,0.24,-85.32386684417725,422400,103088,234.45469629764557,0.03540909988805652,0.31171982549130917,0.0003,2112,272,,,
1598,0.2,-88.61546993255615,435200,106288,266.1545161008835,0.04241627058945596,-0.13111300487071276,0.0003,2176,272,,,
1646,0.16,-95.6273980140686,448000,109488,227.95355713367462,0.04020428191870451,-0.37420045118778944,0.0003,2240,272,,,
1694,0.25,-99.86215734481812,460800,112688,372.9954195022583,0.041484978748485446,1.0742525905370712,0.0003,2304,271,,,
1741,0.22,-102.9186601638794,473600,115888,228.21392166614532,0.049214750062674284,0.5279516270384192,0.0003,2368,271,,,
1789,0.17,-102.0992078781128,486400,119088,283.6669923067093,0.04598727752454579,-0.28918118868023157,0.0003,2432,271,,,
1836,0.18,-104.67559957504272,499200,122288,214.12072110176086,0.04649223922751844,-0.09686492080800235,0.0003,2496,271,,,
1884,0.23,-102.72320413589478,512000,125488,292.26969373226166,0.04777358565479517,0.07193658966571093,0.0003,2560,271,,,
1933,0.26,-104.38504552841187,524800,128688,662.6448154449463,0.04830089979805052,0.49438705714419484,0.0003,2624,271,,,
1980,0.19,-102.09092569351196,537600,131888,382.7267756462097,0.04427482304163277,-0.10616541467607021,0.0003,2688,271,,,
2029,0.19,-105.64220714569092,550400,135088,125.71176201105118,0.04626703332178295,-0.5606589009985328,0.0003,2752,271,,,
2076,0.24,-104.89425706863403,563200,138288,387.4497700929642,0.042424160754308105,0.7417394611984491,0.0003,2816,271,,,
2124,0.25,-112.64780712127686,576000,141488,264.46186006069183,0.05009579565376043,0.17655499139800668,0.0003,2880,271,,,
2172,0.27,-113.05856561660767,588800,144688,256.7135946750641,0.05026285001076758,0.26798994839191437,0.0003,2944,271,,,
2219,0.21,-118.26688241958618,601600,147888,419.82862877845764,0.049143118085339665,0.3074095849879086,0.0003,3008,271,,,
2267,0.27,-114.36092376708984,614400,151088,427.6742253303528,0.04946376313455403,-0.2137461332604289,0.0003,3072,270,,,
2315,0.3,-116.26413202285767,627200,154288,250.29345405101776,0.05023339856415987,-0.2915829215198755,0.0003,3136,270,,,
2363,0.24,-120.31614351272583,640000,157488,389.3460839986801,0.04984216275624931,0.05011546518653631,0.0003,3200,270,,,
2411,0.25,-113.60214281082153,652800,160688,484.54919171333313,0.04441338591277599,-0.2444564951583743,0.0003,3264,270,,,
2459,0.25,-117.03737735748291,665600,163888,397.32779228687286,0.04629796580411494,-0.038050916977226734,0.0003,3328,270,,,
2507,0.32,-120.24735355377197,678400,167088,490.75624990463257,0.04888672730885446,-0.372651080833748,0.0003,3392,270,,,
2555,0.32,-114.55943012237549,691200,170288,412.1020976305008,0.04910538950935006,-0.15831531956791878,0.0003,3456,270,,,
2603,0.26,-114.40288543701172,704000,173488,220.80021750926971,0.05241783894598484,-0.024133664090186357,0.0003,3520,270,,,
2652,0.22,-112.19448566436768,716800,176688,426.18640065193176,0.054784615989774466,-0.046288966201245785,0.0003,3584,270,,,
2700,0.25,-124.68998765945435,729600,179888,441.56247329711914,0.05886649526655674,-0.48931937105953693,0.0003,3648,270,,,
2748,0.31,-123.85908842086792,742400,183088,483.0817856788635,0.06328277289867401,0.31979252584278584,0.0003,3712,270,,,
2797,0.31,-123.64886856079102,755200,186288,280.18446493148804,0.059198039351031184,0.0028435462154448032,0.0003,3776,269,,,
2844,0.28,-126.55366659164429,768000,189488,261.636598110199,0.05663979146629572,0.24259542301297188,0.0003,3840,270,,,
2893,0.23,-126.76757621765137,780800,192688,585.2131011486053,0.05873346491716802,0.3159371674992144,0.0003,3904,269,,,
2941,0.35,-128.7172613143921,793600,195888,423.37286388874054,0.058217345271259546,-0.012124800123274326,0.0003,3968,269,,,
2989,0.45,-127.70926523208618,806400,199088,453.6117069721222,0.06331199873238802,-0.24587650690227747,0.0003,4032,269,,,
3037,0.46,-134.77669620513916,819200,202288,473.5117987394333,0.06191646866500378,0.39934364426881075,0.0003,4096,269,,,
3085,0.31,-139.1972212791443,832000,205488,352.833615064621,0.05787907796911895,0.2255687452852726,0.0003,4160,269,,,
3133,0.23,-136.7607250213623,844800,208688,645.4469985961914,0.05958673032000661,-0.18965942226350307,0.0003,4224,269,,,
3181,0.24,-141.20322608947754,857600,211888,276.35508942604065,0.05710110114887357,-0.12330022733658552,0.0003,4288,269,,,
3229,0.31,-138.49634885787964,870400,215088,227.30362129211426,0.0630043433047831,-0.38430554512888193,0.0003,4352,269,,,
3278,0.35,-141.27895164489746,883200,218288,312.8879795074463,0.06101284013129771,0.3963653943501413,0.0003,4416,269,,,
3326,0.28,-139.37524938583374,896000,221488,401.85108256340027,0.05908448644913733,-0.24518015002831817,0.0003,4480,269,,,
3374,0.3,-139.95170974731445,908800,224688,445.5233325958252,0.06410636333748698,-0.30367921479046345,0.0003,4544,269,,,
3422,0.43,-148.6713743209839,921600,227888,313.84727573394775,0.06893223850056529,-0.46004951326176524,0.0003,4608,269,,,
3471,0.39,-148.71397304534912,934400,231088,763.657229423523,0.07200565561652184,-0.4982885541394353,0.0003,4672,269,,,
3519,0.38,-153.64154815673828,947200,234288,496.794446349144,0.07661458244547248,0.08679533144459128,0.0003,4736,269,,,
3567,0.36,-153.1607208251953,960000,237488,400.7818212509155,0.07903716526925564,-0.00980881042778492,0.0003,4800,269,,,
3616,0.31,-152.43472957611084,972800,240688,592.4535720348358,0.08153123082593083,-0.5687604788690805,0.0003,4864,269,,,
3664,0.36,-154.85537242889404,985600,243888,488.6463738679886,0.08704231167212129,-0.1705285757780075,0.0003,4928,268,,,
3711,0.32,-167.0633134841919,998400,247088,456.86850929260254,0.08255688520148396,0.05624281754717231,0.0003,4992,268,,,
,,-165.115984916687,1000000,247488,325.5941789150238,0.08391431393101811,0.03558061411604285,0.0003,,,0.35,577.7404615912586,200.0
3939,0.41,-171.68815898895264,1011200,250288,332.70787954330444,0.08352370327338576,0.2845957987010479,0.0003,5056,256,,,
3988,0.38,-166.5249719619751,1024000,253488,300.96978080272675,0.08340363623574376,-0.16275749751366675,0.0003,5120,256,,,
4035,0.44,-178.30297946929932,1036800,256688,614.064334154129,0.09000901784747839,0.18493628012947738,0.0003,5184,256,,,
4085,0.45,-186.24768257141113,1049600,259888,372.31485748291016,0.09058608300983906,0.005349468439817429,0.0003,5248,256,,,
4134,0.48,-186.31092166900635,1062400,263088,602.9677567481995,0.09598307637497783,-0.054840337485075,0.0003,5312,256,,,
4182,0.44,-194.821044921875,1075200,266288,485.0738387107849,0.09680825099349022,0.10834503942169249,0.0003,5376,257,,,
4230,0.35,-197.21701049804688,1088000,269488,423.39244079589844,0.10395458713173866,0.053811592515558004,0.0003,5440,257,,,
4278,0.32,-195.32011222839355,1100800,272688,530.3474122285843,0.09332651924341917,0.27377463527955115,0.0003,5504,257,,,
4326,0.42,-200.81804943084717,1113600,275888,559.1237411499023,0.10055688861757517,0.22153918631374836,0.0003,5568,257,,,
4374,0.48,-210.1871337890625,1126400,279088,699.4880888462067,0.08990711206570268,-0.25604961114004254,0.0003,5632,257,,,
4423,0.43,-209.6521701812744,1139200,282288,513.6238174438477,0.09472882933914661,-0.5247033257037401,0.0003,5696,257,,,
4472,0.4,-210.46140670776367,1152000,285488,707.3705220222473,0.09183454513549805,0.4503870755434036,0.0003,5760,257,,,
4520,0.48,-211.35107135772705,1164800,288688,810.7476441860199,0.08925459207966924,-0.18774270452558994,0.0003,5824,257,,,
4568,0.5,-220.844313621521,1177600,291888,1003.7043206691742,0.08684097044169903,0.21423453371971846,0.0003,5888,257,,,
4617,0.42,-215.45978832244873,1190400,295088,434.8642826080322,0.08964279014617205,-0.008830504026263952,0.0003,5952,257,,,
4665,0.4,-219.89495372772217,1203200,298288,815.0011832714081,0.08681540470570326,0.5074859410524368,0.0003,6016,257,,,
4713,0.36,-222.62613677978516,1216000,301488,602.2039597034454,0.08105756714940071,0.3745141150429845,0.0003,6080,257,,,
4761,0.36,-223.51355743408203,1228800,304688,662.1740157604218,0.09185316180810332,-0.19621396623551846,0.0003,6144,258,,,
4810,0.45,-223.81289291381836,1241600,307888,347.83723521232605,0.09145941259339452,0.014581755734980106,0.0003,6208,258,,,
4858,0.52,-224.07069396972656,1254400,311088,799.2770179510117,0.0878938902169466,0.15562932146713138,0.0003,6272,258,,,
4907,0.49,-230.4353084564209,1267200,314288,511.25737726688385,0.10044851340353489,0.20351446862332523,0.0003,6336,258,,,
4954,0.5,-232.7393560409546,1280000,317488,529.7532000541687,0.1007530577480793,0.1782414740882814,0.0003,6400,258,,,
5003,0.54,-237.87034702301025,1292800,320688,717.5926748514175,0.10960528301075101,0.012812737841159105,0.0003,6464,258,,,
5051,0.51,-245.37915420532227,1305600,323888,582.988490819931,0.10373012674972415,0.16542208869941533,0.0003,6528,258,,,
5100,0.46,-251.915433883667,1318400,327088,428.2947630882263,0.10959912184625864,-0.12291507888585329,0.0003,6592,258,,,
5147,0.42,-244.5784206390381,1331200,330288,514.1067858934402,0.11007733037695289,-0.3995982860215008,0.0003,6656,258,,,
5195,0.55,-249.8963108062744,1344000,333488,625.5937592983246,0.10243247775360942,-0.19384358311071992,0.0003,6720,258,,,
5243,0.58,-259.12456035614014,1356800,336688,685.3986661434174,0.10647543938830495,-0.015588980633765459,0.0003,6784,258,,,
5292,0.52,-255.89593982696533,1369600,339888,520.2943607568741,0.10624319454655051,0.02219708450138569,0.0003,6848,258,,,
5341,0.56,-257.6984815597534,1382400,343088,494.5337793827057,0.1113924072124064,-0.07300539873540401,0.0003,6912,258,,,
5389,0.51,-268.8222770690918,1395200,346288,566.7769682407379,0.106981729157269,0.23216773243620992,0.0003,6976,258,,,
5438,0.5,-270.255090713501,1408000,349488,710.1903848648071,0.11158067500218749,0.2527772351168096,0.0003,7040,258,,,
5488,0.51,-275.09692192077637,1420800,352688,381.32351875305176,0.11265785433351994,0.43552395701408386,0.0003,7104,258,,,
5537,0.46,-267.5439558029175,1433600,355888,709.1254658699036,0.11444218410179019,-0.3416973100975156,0.0003,7168,258,,,
5585,0.52,-283.2351894378662,1446400,359088,928.6101410388947,0.12225989019498229,-0.10696739377453923,0.0003,7232,258,,,
5634,0.48,-278.905348777771,1459200,362288,643.4499201774597,0.11910248082131147,-0.13656592089682817,0.0003,7296,258,,,
5682,0.49,-281.90222549438477,1472000,365488,664.0928149223328,0.11768378783017397,0.1052225596504286,0.0003,7360,259,,,
5730,0.47,-280.27737045288086,1484800,368688,516.0379948616028,0.12288665445521474,0.009172903839498758,0.0003,7424,259,,,
5778,0.46,-281.80732345581055,1497600,371888,700.7230839729309,0.12605916801840067,0.2552301939576864,0.0003,7488,259,,,
5827,0.52,-281.48442459106445,1510400,375088,651.0625975131989,0.12651342991739511,-0.21639760956168175,0.0003,7552,259,,,
5876,0.56,-290.65143394470215,1523200,378288,672.8595929145813,0.12017716001719236,-0.004757545422762632,0.0003,7616,259,,,
5924,0.55,-283.856538772583,1536000,381488,779.7396817207336,0.11566006578505039,-0.20459421258419752,0.0003,7680,259,,,
5972,0.59,-298.1819248199463,1548800,384688,1079.8417754173279,0.11968716094270349,0.029443541541695595,0.0003,7744,259,,,
6021,0.53,-300.65827560424805,1561600,387888,524.3337631225586,0.11734892427921295,0.36367702984716743,0.0003,7808,259,,,
6069,0.48,-300.5855026245117,1574400,391088,833.8673269748688,0.12537680193781853,0.050663369707763195,0.0003,7872,259,,,
6117,0.49,-295.87586212158203,1587200,394288,591.361558675766,0.11843410134315491,-0.08021446876227856,0.0003,7936,259,,,
6165,0.49,-305.2985038757324,1600000,397488,766.2919054031372,0.12972335517406464,0.2709357040002942,0.0003,8000,259,,,
6213,0.54,-309.09587478637695,1612800,400688,598.5880098342896,0.1244782549329102,0.08902224036864936,0.0003,8064,259,,,
6263,0.64,-305.83088874816895,1625600,403888,1069.2169251441956,0.11963728256523609,0.3275825048331171,0.0003,8128,259,,,
6311,0.52,-310.8491020202637,1638400,407088,549.9320812225342,0.12074336549267173,-0.16561280703172088,0.0003,8192,259,,,
6360,0.48,-317.18545722961426,1651200,410288,992.8777894973755,0.12241298984736204,-0.013274143449962139,0.0003,8256,259,,,
6408,0.48,-317.5492515563965,1664000,413488,909.8005700111389,0.1227123704738915,0.12336736510042101,0.0003,8320,259,,,
6456,0.61,-315.6483726501465,1676800,416688,777.5147314071655,0.12529588490724564,-0.012363843037746847,0.0003,8384,259,,,
6506,0.67,-320.8716297149658,1689600,419888,875.7529397010803,0.1414743373170495,-0.03133571310900152,0.0003,8448,259,,,
6555,0.69,-321.41026306152344,1702400,423088,690.8979816436768,0.13125304970890284,-0.027015696046873927,0.0003,8512,259,,,
6604,0.59,-331.4789981842041,1715200,426288,645.9457466602325,0.13282113149762154,0.13794359960593283,0.0003,8576,259,,,
6652,0.53,-326.38393211364746,1728000,429488,722.9482159614563,0.1287039192393422,-0.05190777382813394,0.0003,8640,259,,,
6702,0.61,-333.0588130950928,1740800,432688,974.0918474197388,0.13294454291462898,0.2557059405371547,0.0003,8704,259,,,
6750,0.68,-334.51047134399414,1753600,435888,546.7449426651001,0.13266061898320913,-0.24021025095134974,0.0003,8768,259,,,
6799,0.57,-337.35240936279297,1766400,439088,884.1451849937439,0.1433634404093027,-0.2096299275290221,0.0003,8832,259,,,
6849,0.62,-347.1655445098877,1779200,442288,861.5085315704346,0.13563152868300676,-0.02242868021130562,0.0003,8896,259,,,
6898,0.73,-349.11303520202637,1792000,445488,868.736448764801,0.13582994509488344,0.11234023049473763,0.0003,8960,259,,,
6946,0.66,-344.8697929382324,1804800,448688,674.9951355457306,0.14511096477508545,-0.05669229314662516,0.0003,9024,259,,,
6994,0.71,-352.93844413757324,1817600,451888,1044.078577041626,0.1567664472386241,-0.11052160896360874,0.0003,9088,259,,,
7043,0.71,-358.64751625061035,1830400,455088,640.7410459518433,0.1651157857850194,-0.08586218766868114,0.0003,9152,259,,,
7093,0.67,-362.1520347595215,1843200,458288,1087.7790036201477,0.17400837410241365,0.0007102037779986858,0.0003,9216,259,,,
7141,0.72,-364.0357036590576,1856000,461488,686.781590461731,0.17823182232677937,0.466389000415802,0.0003,9280,259,,,
7190,0.68,-362.6920909881592,1868800,464688,964.2643978595734,0.18340610433369875,0.0636678533628583,0.0003,9344,259,,,
7239,0.69,-370.5157833099365,1881600,467888,896.4668650627136,0.17404033802449703,0.18643838865682483,0.0003,9408,259,,,
7288,0.6,-373.86327934265137,1894400,471088,830.6112434864044,0.16454090923070908,0.10952830500900745,0.0003,9472,259,,,
7336,0.67,-369.25160217285156,1907200,474288,831.4948585033417,0.16599839460104704,-0.1726215318776667,0.0003,9536,259,,,
7384,0.67,-372.1240577697754,1920000,477488,872.3852593898773,0.1662346264347434,-0.15983314998447895,0.0003,9600,260,,,
7433,0.69,-367.84678840637207,1932800,480688,980.8544459342957,0.16192011442035437,-0.06549794785678387,0.0003,9664,260,,,
7481,0.75,-369.6397171020508,1945600,483888,781.3331174850464,0.16344648879021406,-0.36228797724470496,0.0003,9728,260,,,
7529,0.71,-379.4319038391113,1958400,487088,963.7647798061371,0.16607626527547836,0.04183331714011729,0.0003,9792,260,,,
7578,0.67,-381.5202941894531,1971200,490288,686.1155982017517,0.16560490801930428,-0.08051205077208579,0.0003,9856,260,,,
7626,0.67,-374.90504264831543,1984000,493488,912.7139325141907,0.16035601124167442,-0.1713974573649466,0.0003,9920,260,,,
7674,0.66,-383.8343029022217,1996800,496688,959.4249579906464,0.15195298939943314,0.1099451151676476,0.0003,9984,260,,,
,,-391.3285503387451,2000000,497488,1102.9503724575043,0.16540949791669846,-0.02075411146506667,0.0003,,,0.65,1080.4483187045903,200.0
7900,0.69,-384.7695941925049,2009600,499888,971.8757696151733,0.1725326729938388,0.10276423767209053,0.0003,10048,254,,,
7948,0.7,-386.5015678405762,2022400,503088,791.4751505851746,0.1621197871863842,-0.026053180219605565,0.0003,10112,254,,,
7997,0.73,-399.20348930358887,2035200,506288,984.4536395072937,0.1616258230060339,0.14111306611448526,0.0003,10176,254,,,
8046,0.73,-397.3858528137207,2048000,509488,709.3867890834808,0.160380270332098,-0.10197728918865323,0.0003,10240,254,,,
8093,0.75,-393.0403518676758,2060800,512688,844.1502108573914,0.16307414509356022,0.1349365181522444,0.0003,10304,254,,,
8141,0.81,-399.8246536254883,2073600,515888,978.6877384185791,0.15721611306071281,0.07278669252991676,0.0003,10368,254,,,
8189,0.77,-387.51899337768555,2086400,519088,723.0861668586731,0.15664853528141975,-0.08925800235010684,0.0003,10432,254,,,
8236,0.77,-401.1423587799072,2099200,522288,1328.6054682731628,0.16283052321523428,0.05196102615445852,0.0003,10496,254,,,
8286,0.76,-398.1166114807129,2112000,525488,883.080572605133,0.16343687754124403,-0.22500577801838517,0.0003,10560,254,,,
8335,0.72,-403.5914936065674,2124800,528688,718.4147465229034,0.1601975867524743,0.07285961182788014,0.0003,10624,254,,,
8384,0.69,-408.79236602783203,2137600,531888,969.8410887718201,0.16204787977039814,-0.20744084380567074,0.0003,10688,254,,,
8432,0.78,-413.61984062194824,2150400,535088,1083.8648319244385,0.17735259421169758,0.376078097615391,0.0003,10752,255,,,
8479,0.73,-416.3168087005615,2163200,538288,840.5388255119324,0.17286738008260727,-0.002430959837511182,0.0003,10816,255,,,
8529,0.7,-412.5213985443115,2176000,541488,668.7921319007874,0.1697992216795683,-0.08132038498297334,0.0003,10880,255,,,
8576,0.78,-415.0651340484619,2188800,544688,1220.0965504646301,0.17348141223192215,-0.10310804843902588,0.0003,10944,255,,,
8625,0.83,-419.1062927246094,2201600,547888,975.9168190956116,0.17466775700449944,0.24139616778120399,0.0003,11008,255,,,
8675,0.8,-424.01306533813477,2214400,551088,1050.071692943573,0.1910727322101593,-0.0024952085223048925,0.0003,11072,255,,,
8723,0.79,-426.8903751373291,2227200,554288,826.0044107437134,0.1779101239517331,0.22145844367332757,0.0003,11136,255,,,
8771,0.79,-427.35774993896484,2240000,557488,926.9828300476074,0.177886750549078,-0.17859805189073086,0.0003,11200,255,,,
8818,0.79,-427.5028495788574,2252800,560688,1134.8402061462402,0.18328515999019146,0.3353514380287379,0.0003,11264,255,,,
8868,0.7,-429.1642322540283,2265600,563888,1073.7131843566895,0.184887389652431,0.10449095885269344,0.0003,11328,255,,,
8916,0.76,-432.43036460876465,2278400,567088,1226.4538621902466,0.19155901111662388,0.22152218129485846,0.0003,11392,255,,,
8964,0.75,-433.43738555908203,2291200,570288,728.5965557098389,0.1834219442680478,-0.03449223702773452,0.0003,11456,255,,,
9014,0.78,-435.7921848297119,2304000,573488,1143.372407913208,0.1894783703610301,0.14874437707476318,0.0003,11520,255,,,
9063,0.79,-435.4871311187744,2316800,576688,590.051304101944,0.18317378964275122,-0.14384561334736645,0.0003,11584,255,,,
9111,0.78,-438.3783550262451,2329600,579888,948.4880590438843,0.1933681834489107,0.2930806940421462,0.0003,11648,255,,,
9159,0.79,-442.0019817352295,2342400,583088,886.532534122467,0.1857342952862382,-0.21085266349837184,0.0003,11712,255,,,
9207,0.82,-442.9345359802246,2355200,586288,834.2174112796783,0.19635548815131187,0.023144398466683924,0.0003,11776,255,,,
9256,0.79,-453.5362720489502,2368000,589488,776.5293145179749,0.19860906805843115,-0.11131583014503121,0.0003,11840,255,,,
9304,0.79,-445.91870498657227,2380800,592688,774.3906240463257,0.18210662808269262,0.33244719565846026,0.0003,11904,255,,,
9353,0.8,-449.2397937774658,2393600,595888,810.1260747909546,0.1817279253154993,0.18340980564244092,0.0003,11968,255,,,
9402,0.83,-452.6831684112549,2406400,599088,831.1518139839172,0.18056270573288202,-0.20139846252277493,0.0003,12032,255,,,
9451,0.88,-456.17642402648926,2419200,602288,1159.7518711090088,0.17903422005474567,0.2505493010394275,0.0003,12096,255,,,
9499,0.82,-456.12653732299805,2432000,605488,784.6753520965576,0.17904401756823063,0.05520829721353948,0.0003,12160,256,,,
9546,0.74,-455.34297370910645,2444800,608688,721.7595686912537,0.18558012787252665,-0.16632114723324776,0.0003,12224,256,,,
9596,0.79,-457.54146575927734,2457600,611888,1337.9786739349365,0.19081392418593168,0.16932367160916328,0.0003,12288,256,,,
9644,0.81,-460.0465450286865,2470400,615088,675.8779439926147,0.18564859312027693,-0.010155548341572285,0.0003,12352,256,,,
9693,0.8,-472.9215602874756,2483200,618288,1068.0607290267944,0.180461460724473,0.05114712263457477,0.0003,12416,256,,,
9743,0.81,-468.66108894348145,2496000,621488,993.2608394622803,0.179504768922925,-0.034649470588192344,0.0003,12480,256,,,
9792,0.8,-471.92057037353516,2508800,624688,788.4464819431305,0.18082741554826498,0.19787640729919076,0.0003,12544,256,,,
9841,0.78,-481.8453063964844,2521600,627888,796.9742302894592,0.1720405574887991,-0.03177226008847356,0.0003,12608,256,,,
9888,0.77,-473.69237327575684,2534400,631088,896.2357664108276,0.17363365180790424,0.701838556677103,0.0003,12672,256,,,
9937,0.83,-471.07039070129395,2547200,634288,1379.4498414993286,0.16045765299350023,0.15789074078202248,0.0003,12736,256,,,
9986,0.78,-476.5342769622803,2560000,637488,946.0379133224487,0.16967492923140526,-0.040561584290117025,0.0003,12800,256,,,
10033,0.79,-478.3046417236328,2572800,640688,1057.3212656974792,0.16888264566659927,-0.06480637029744685,0.0003,12864,256,,,
10083,0.82,-478.9744300842285,2585600,643888,938.9295606613159,0.16480470448732376,-0.054596645291894674,0.0003,12928,256,,,
10132,0.78,-478.45151138305664,2598400,647088,1135.8763718605042,0.1765801841393113,0.13552446058019996,0.0003,12992,256,,,
10179,0.84,-478.6119918823242,2611200,650288,1398.6748571395874,0.1745051722973585,-0.0427169194445014,0.0003,13056,256,,,
10227,0.8,-482.7169952392578,2624000,653488,1176.5023698806763,0.18300660979002714,0.20708498219028115,0.0003,13120,256,,,
10275,0.74,-480.0652656555176,2636800,656688,1275.3050909042358,0.1791239082813263,-0.1561296279542148,0.0003,13184,256,,,
10325,0.8,-484.8850326538086,2649600,659888,1520.7536220550537,0.1700944658368826,0.018148818518966436,0.0003,13248,256,,,
10372,0.8,-487.36645889282227,2662400,663088,983.0431880950928,0.16708716843277216,-0.006299331784248352,0.0003,13312,256,,,
10422,0.8,-486.8239345550537,2675200,666288,1219.9787921905518,0.17251920606940985,-0.12501943623647094,0.0003,13376,256,,,
10471,0.86,-493.06050300598145,2688000,669488,1017.3022961616516,0.16348723601549864,0.34451115340925753,0.0003,13440,256,,,
10519,0.78,-492.76229667663574,2700800,672688,1009.3042123317719,0.17019343003630638,0.006732011446729302,0.0003,13504,256,,,
10568,0.85,-499.2350044250488,2713600,675888,1005.2739441394806,0.17467825021594763,0.11011888040229678,0.0003,13568,256,,,
10615,0.84,-494.6222114562988,2726400,679088,1170.2829694747925,0.16870802827179432,-0.039705985225737095,0.0003,13632,256,,,
10665,0.86,-505.5477638244629,2739200,682288,1012.899943113327,0.16816219314932823,-0.1525834994390607,0.0003,13696,256,,,
10713,0.83,-499.9208068847656,2752000,685488,1036.1540756225586,0.17856438271701336,0.13375180191360414,0.0003,13760,256,,,
10761,0.73,-505.93414306640625,2764800,688688,1122.9352383613586,0.1745767267420888,-0.08136472501792014,0.0003,13824,256,,,
10810,0.74,-514.7410984039307,2777600,691888,728.2841856479645,0.17237756308168173,0.17038293974474072,0.0003,13888,256,,,
10859,0.78,-505.88214683532715,2790400,695088,1012.3221197128296,0.18303789850324392,0.1451065270230174,0.0003,13952,256,,,
10907,0.75,-514.476640701294,2803200,698288,1355.4528589248657,0.17636672873049974,0.2674089432694018,0.0003,14016,256,,,
10954,0.87,-512.0762786865234,2816000,701488,1527.759391784668,0.18525856267660856,0.05324922641739249,0.0003,14080,257,,,
11002,0.89,-520.4734573364258,2828800,704688,1221.8878412246704,0.16990304086357355,0.064845449058339,0.0003,14144,257,,,
11050,0.78,-513.8267707824707,2841600,707888,1275.2275228500366,0.17944011371582747,0.08064748044125736,0.0003,14208,257,,,
11098,0.84,-515.1984825134277,2854400,711088,1391.5128059387207,0.1754572307690978,-0.12508642580360174,0.0003,14272,257,,,
11147,0.8,-514.6641235351562,2867200,714288,1300.9985575675964,0.16986820939928293,-0.18452166207134724,0.0003,14336,257,,,
11196,0.83,-516.4229831695557,2880000,717488,1264.964060306549,0.17191806808114052,-0.05926389340311289,0.0003,14400,257,,,
11245,0.77,-514.7483673095703,2892800,720688,870.4593272209167,0.17196946125477552,-0.00942168990150094,0.0003,14464,257,,,
11293,0.82,-524.5416412353516,2905600,723888,1393.293467760086,0.18096152786165476,0.109290209133178,0.0003,14528,257,,,
11340,0.88,-520.7277431488037,2918400,727088,1143.4703288078308,0.1677985331043601,0.04962878709193319,0.0003,14592,257,,,
11389,0.9,-521.6845245361328,2931200,730288,1144.2651233673096,0.1598802413791418,0.11736019467934966,0.0003,14656,257,,,
11437,0.82,-521.8394508361816,2944000,733488,1411.541208267212,0.1713999519124627,-0.08809593738988042,0.0003,14720,257,,,
11484,0.86,-524.1169567108154,2956800,736688,1222.6089525222778,0.1605499740689993,-0.0867035798728466,0.0003,14784,257,,,
11533,0.83,-520.7013473510742,2969600,739888,1383.6998224258423,0.16163630411028862,-0.14420076995156705,0.0003,14848,257,,,
11582,0.85,-530.3808212280273,2982400,743088,992.6143941879272,0.16033615730702877,0.042930472642183304,0.0003,14912,257,,,
11631,0.87,-530.5949554443359,2995200,746288,1217.2653152942657,0.15587666165083647,-0.11446785018779337,0.0003,14976,257,,,
,,-528.8533954620361,3000000,747488,1264.900713443756,0.16090001910924911,-0.02319338941015303,0.0003,,,0.8,1381.8659883398564,200.0
11856,0.88,-527.7934112548828,3008000,749488,949.4541757106781,0.16107661835849285,-0.14690470229834318,0.0003,15040,253,,,
11906,0.82,-526.8562164306641,3020800,752688,1597.02152633667,0.1582898013293743,-0.08318073279224336,0.0003,15104,253,,,
11954,0.82,-532.3897514343262,3033600,755888,1399.2626147270203,0.17468692921102047,-0.0832550716586411,0.0003,15168,253,,,
12003,0.81,-529.9223861694336,3046400,759088,1751.8358392715454,0.16310070920735598,0.1127692530862987,0.0003,15232,253,,,
12050,0.85,-531.4392013549805,3059200,762288,1452.1659145355225,0.17605168465524912,0.051131428219377995,0.0003,15296,253,,,
12099,0.78,-533.3864936828613,3072000,765488,1020.6293449401855,0.17731913924217224,-0.05153892911039293,0.0003,15360,253,,,
12148,0.85,-533.1829071044922,3084800,768688,1246.3920998573303,0.16952855698764324,-0.06008896674029529,0.0003,15424,253,,,
12196,0.87,-536.4991111755371,3097600,771888,1311.881275653839,0.17897185496985912,-0.13504740339703858,0.0003,15488,253,,,
12246,0.87,-530.6253547668457,3110400,775088,1137.8778715133667,0.17072220798581839,-0.1906676604412496,0.0003,15552,253,,,
12296,0.84,-534.2349185943604,3123200,778288,1215.0404028892517,0.17281266767531633,0.2318578752456233,0.0003,15616,253,,,
12344,0.83,-534.7947311401367,3136000,781488,1458.298044204712,0.17547048162668943,-0.25960073061287403,0.0003,15680,254,,,
12391,0.82,-534.6245918273926,3148800,784688,1272.9831981658936,0.16512675397098064,-0.1689656478120014,0.0003,15744,254,,,
12440,0.91,-532.9002723693848,3161600,787888,1050.1817700862885,0.1655138749629259,-0.04295499110594392,0.0003,15808,254,,,
12490,0.88,-544.0005226135254,3174400,791088,1489.3719868659973,0.17762911971658468,-0.0559820756316185,0.0003,15872,254,,,
12539,0.84,-543.8302345275879,3187200,794288,829.7368159294128,0.17372210044413805,-0.06523538590408862,0.0003,15936,254,,,
12588,0.82,-541.9284629821777,3200000,797488,1039.429961681366,0.1843335647135973,-0.09669671137817204,0.0003,16000,254,,,
12638,0.82,-545.0779838562012,3212800,800688,1180.4706935882568,0.17922423128038645,0.035977215273305774,0.0003,16064,254,,,
12686,0.87,-546.4583320617676,3225600,803888,1037.3153824806213,0.17881307378411293,0.08671267633326352,0.0003,16128,254,,,
12733,0.86,-543.5828742980957,3238400,807088,963.9655179977417,0.18248397018760443,-0.06351374345831573,0.0003,16192,254,,,
12781,0.9,-543.8383483886719,3251200,810288,1277.363597869873,0.16329049970954657,0.33579098666086793,0.0003,16256,254,,,
12830,0.88,-545.6355743408203,3264000,813488,1086.2071430683136,0.16408513486385345,0.4797393858898431,0.0003,16320,254,,,
12878,0.87,-552.3770065307617,3276800,816688,1291.0568449497223,0.1719535756856203,-0.11196558433584869,0.0003,16384,254,,,
12926,0.82,-551.6541709899902,3289600,819888,1127.84516787529,0.1658919882029295,-0.23228388326242566,0.0003,16448,254,,,
12975,0.85,-548.385612487793,3302400,823088,1538.1632661819458,0.17089488171041012,-0.0033920565620064735,0.0003,16512,254,,,
13024,0.88,-544.4416427612305,3315200,826288,1375.198992729187,0.17421994358301163,-0.010201502591371536,0.0003,16576,254,,,
13072,0.84,-549.2936172485352,3328000,829488,1235.9067616462708,0.17001086100935936,0.07104769255965948,0.0003,16640,254,,,
13121,0.88,-546.8019485473633,3340800,832688,1472.1887605190277,0.1641083685681224,-0.16594549641013145,0.0003,16704,254,,,
13169,0.84,-551.4854202270508,3353600,835888,1130.137276649475,0.16065128426998854,-0.012152426410466433,0.0003,16768,254,,,
13217,0.85,-547.9954452514648,3366400,839088,1217.3229191303253,0.16316682007163763,0.01414284622296691,0.0003,16832,254,,,
13264,0.88,-548.9581184387207,3379200,842288,1199.0443086624146,0.16410734504461288,-0.06983976950868964,0.0003,16896,254,,,
13313,0.85,-551.4785614013672,3392000,845488,1365.324501991272,0.16174392495304346,-0.04195294971577823,0.0003,16960,254,,,
13362,0.8,-551.0334892272949,3404800,848688,1752.6449527740479,0.1665138304233551,0.05628984794020653,0.0003,17024,254,,,
13411,0.85,-554.3600311279297,3417600,851888,965.0529475212097,0.15825635194778442,-0.2755390035454184,0.0003,17088,254,,,
13459,0.84,-554.5610580444336,3430400,855088,1163.3177797794342,0.1605244344100356,0.1366126153152436,0.0003,17152,254,,,
13507,0.81,-548.6172294616699,3443200,858288,1121.8669438362122,0.15445832442492247,-0.1593007119372487,0.0003,17216,254,,,
13556,0.85,-547.722713470459,3456000,861488,1179.0242574214935,0.17388456966727972,-0.18198027648031712,0.0003,17280,254,,,
13604,0.81,-550.2850532531738,3468800,864688,1361.7615013122559,0.16167372092604637,-0.18537622038275003,0.0003,17344,254,,,
13652,0.83,-552.4671936035156,3481600,867888,1048.415364742279,0.1573311211541295,0.14457663521170616,0.0003,17408,255,,,
13701,0.89,-557.8547706604004,3494400,871088,1275.9384460449219,0.1541621284559369,-0.016166955465450883,0.0003,17472,255,,,
13750,0.86,-558.8087577819824,3507200,874288,1158.010085105896,0.16384956240653992,0.07235356606543064,0.0003,17536,255,,,
13799,0.88,-555.322883605957,3520000,877488,949.1501007080078,0.15457205660641193,-0.3125926121138036,0.0003,17600,255,,,
13846,0.86,-554.5747833251953,3532800,880688,1120.861873626709,0.16758930683135986,0.1021892842836678,0.0003,17664,255,,,
13895,0.88,-558.670223236084,3545600,883888,907.3038196563721,0.16246784757822752,-0.0025075143203139305,0.0003,17728,255,,,
13944,0.9,-560.2777252197266,3558400,887088,1055.7581219673157,0.1684882789850235,-0.23182452889159322,0.0003,17792,255,,,
13993,0.88,-551.9183692932129,3571200,890288,1048.4979667663574,0.17240535747259855,0.05828440701588988,0.0003,17856,255,,,
14043,0.86,-553.4623794555664,3584000,893488,936.4004311561584,0.1653994843363762,-0.1710935765877366,0.0003,17920,255,,,
14092,0.85,-562.9362297058105,3596800,896688,1325.3301486968994,0.16141793970018625,0.031283888733014464,0.0003,17984,255,,,
14141,0.79,-562.5637702941895,3609600,899888,1058.9865267276764,0.17671789322048426,-0.01679037231951952,0.0003,18048,255,,,
14188,0.87,-555.2651710510254,3622400,903088,1856.3500170707703,0.16812972631305456,-0.1738593289628625,0.0003,18112,255,,,
14237,0.87,-563.6764450073242,3635200,906288,1006.8345606327057,0.1794521613046527,-0.17042365740053356,0.0003,18176,255,,,
14286,0.9,-561.409538269043,3648000,909488,1191.7409000396729,0.17435368243604898,-0.15494733164086938,0.0003,18240,255,,,
14333,0.87,-561.0755958557129,3660800,912688,1724.92400598526,0.1689570201560855,-0.24844518303871155,0.0003,18304,255,,,
14383,0.87,-560.0144081115723,3673600,915888,681.7368042469025,0.17360762879252434,0.2043313051108271,0.0003,18368,255,,,
14432,0.88,-566.3037986755371,3686400,919088,957.8447239398956,0.16751914378255606,0.08079914655536413,0.0003,18432,255,,,
14480,0.85,-567.9384918212891,3699200,922288,1229.4194478988647,0.16816886886954308,0.13615483336616307,0.0003,18496,255,,,
14529,0.81,-565.3921394348145,3712000,925488,958.6420655250549,0.1610733289271593,0.06834505056031048,0.0003,18560,255,,,
14576,0.84,-563.8381767272949,3724800,928688,1302.230932712555,0.16736486181616783,0.03822018578648567,0.0003,18624,255,,,
14625,0.86,-573.7409286499023,3737600,931888,830.4966325759888,0.17270884476602077,-0.10285690287128091,0.0003,18688,255,,,
14673,0.88,-572.8564796447754,3750400,935088,1180.5333664417267,0.16764347907155752,-0.005839744349941611,0.0003,18752,255,,,
14721,0.88,-572.6639175415039,3763200,938288,833.5141005516052,0.18379324860870838,0.28344406303949654,0.0003,18816,255,,,
14771,0.87,-574.3817100524902,3776000,941488,1006.5026326179504,0.16752096079289913,-0.05202271282905713,0.0003,18880,255,,,
14821,0.85,-577.3742332458496,3788800,944688,1160.3125519752502,0.1694179382175207,0.017026441637426615,0.0003,18944,255,,,
14870,0.85,-578.2379760742188,3801600,947888,468.225200176239,0.17235844489187002,0.20863297092728317,0.0003,19008,255,,,
14918,0.92,-576.022346496582,3814400,951088,1063.0440587997437,0.1709190560504794,0.1328927888534963,0.0003,19072,255,,,
14966,0.91,-574.8438873291016,3827200,954288,1077.8088240623474,0.16405602358281612,0.16210794367361814,0.0003,19136,255,,,
15015,0.89,-582.0945663452148,3840000,957488,925.5246629714966,0.16787581518292427,0.013451714534312487,0.0003,19200,255,,,
15064,0.88,-578.7015190124512,3852800,960688,864.3416064977646,0.17342046555131674,-0.1014706720598042,0.0003,19264,255,,,
15114,0.84,-585.5122337341309,3865600,963888,1279.5065212249756,0.16428013052791357,-0.011973355431109667,0.0003,19328,255,,,
15163,0.85,-586.2198333740234,3878400,967088,1066.6208610534668,0.16386921796947718,-0.05925586284138262,0.0003,19392,255,,,
15213,0.86,-586.6587791442871,3891200,970288,877.7932422161102,0.15768955554813147,-0.1652700207196176,0.0003,19456,255,,,
15262,0.89,-584.0313568115234,3904000,973488,1684.2120370864868,0.15243764128535986,0.28193317307159305,0.0003,19520,255,,,
15310,0.9,-586.7901802062988,3916800,976688,1109.9551391601562,0.16478464379906654,0.7222532499581575,0.0003,19584,255,,,
15359,0.91,-586.1101112365723,3929600,979888,1183.35235953331,0.15025562793016434,0.1665706760250032,0.0003,19648,255,,,
15408,0.88,-589.9461097717285,3942400,983088,870.7405798435211,0.14858911093324423,0.021674178540706635,0.0003,19712,255,,,
15457,0.89,-585.7527885437012,3955200,986288,1527.0254883766174,0.14636585488915443,0.0024901258293539286,0.0003,19776,255,,,
15507,0.87,-586.0568389892578,3968000,989488,1041.0853354930878,0.14698331337422132,0.30696845380589366,0.0003,19840,255,,,
15556,0.83,-585.5534019470215,3980800,992688,1276.603699684143,0.16026718821376562,0.24206872074864805,0.0003,19904,255,,,
15605,0.84,-589.711353302002,3993600,995888,1199.6468381881714,0.15546102076768875,0.11735461524222046,0.0003,19968,255,,,
,,-588.6890335083008,4000000,997488,927.5798835754395,0.1552724102512002,-0.1711304411292076,0.0003,,,0.75,1257.9928431473672,200.0
15833,0.89,-590.9786796569824,4006400,999088,855.2023522853851,0.16008162312209606,-0.08564680628478527,0.0003,20032,253,,,
15882,0.87,-592.1461219787598,4019200,1002288,1179.1312708854675,0.1485595516860485,-0.02864021190907806,0.0003,20096,253,,,
15930,0.88,-590.4901390075684,4032000,1005488,1073.5961651802063,0.1604024963453412,-0.07631628075614572,0.0003,20160,253,,,
15978,0.87,-595.6702270507812,4044800,1008688,947.6449270248413,0.14934362098574638,0.47122494829818606,0.0003,20224,253,,,
16027,0.87,-592.4934310913086,4057600,1011888,1059.9457561969757,0.15014427714049816,0.04947805451229215,0.0003,20288,253,,,
16076,0.86,-596.6370735168457,4070400,1015088,1317.0011348724365,0.15379411354660988,0.005371870240196586,0.0003,20352,253,,,
16124,0.88,-591.6218338012695,4083200,1018288,1120.7192705869675,0.14946526195853949,-0.11364022409543395,0.0003,20416,253,,,
16173,0.83,-591.3725471496582,4096000,1021488,1853.4906232357025,0.14691433031111956,-0.08239530748687685,0.0003,20480,253,,,
16221,0.83,-595.4307289123535,4108800,1024688,1174.0820169448853,0.14800109434872866,0.0031676192302256823,0.0003,20544,253,,,
16269,0.83,-595.6170463562012,4121600,1027888,1166.9539964199066,0.15045626647770405,-0.09998984634876251,0.0003,20608,253,,,
16317,0.82,-588.827205657959,4134400,1031088,957.5059248209,0.1507963314652443,-0.04958741320297122,0.0003,20672,253,,,
16366,0.85,-597.5459747314453,4147200,1034288,635.590083360672,0.15956534538418055,0.07074708002619445,0.0003,20736,253,,,
16414,0.89,-590.1627235412598,4160000,1037488,977.4170937538147,0.150895606726408,0.014539456460624933,0.0003,20800,253,,,
16462,0.92,-595.8181762695312,4172800,1040688,904.3911294937134,0.14566573593765497,0.20989126490894705,0.0003,20864,253,,,
16511,0.9,-589.2252616882324,4185600,1043888,1312.3361370563507,0.1624612519517541,0.00855370331555605,0.0003,20928,253,,,
16559,0.88,-589.3053092956543,4198400,1047088,1415.3892872333527,0.14573730994015932,-0.01818772405385971,0.0003,20992,253,,,
16607,0.95,-584.0628814697266,4211200,1050288,1421.226333618164,0.15462064649909735,0.16683705570176244,0.0003,21056,253,,,
16655,0.91,-591.7278518676758,4224000,1053488,1108.0166568756104,0.14551387075334787,-0.0647641010582447,0.0003,21120,253,,,
16704,0.89,-591.2206764221191,4236800,1056688,1170.8441586494446,0.15155844949185848,-0.20257059670984745,0.0003,21184,253,,,
16752,0.88,-588.924877166748,4249600,1059888,1459.5810403823853,0.14816629607230425,-0.08527353219687939,0.0003,21248,253,,,
16801,0.9,-590.1690254211426,4262400,1063088,1710.911708831787,0.1568549955263734,-0.21595430374145508,0.0003,21312,253,,,
16849,0.93,-585.5403938293457,4275200,1066288,1773.5585639476776,0.15814550686627626,-0.005506408866494894,0.0003,21376,253,,,
16896,0.92,-592.5902671813965,4288000,1069488,1024.1961197853088,0.15539068449288607,-0.28227632818743587,0.0003,21440,253,,,
16946,0.94,-592.035213470459,4300800,1072688,1198.2264018058777,0.15023797936737537,-0.005635095294564962,0.0003,21504,253,,,
16994,0.91,-591.5042991638184,4313600,1075888,792.0754123926163,0.14744465332478285,-0.1155476316343993,0.0003,21568,253,,,
17043,0.92,-585.930046081543,4326400,1079088,1029.7923018932343,0.15114220418035984,0.0002550457138568163,0.0003,21632,253,,,
17091,0.9,-590.7802467346191,4339200,1082288,1275.4677968025208,0.15062241815030575,0.014725652756169438,0.0003,21696,253,,,
17140,0.92,-591.8769302368164,4352000,1085488,1367.662422657013,0.16060565877705812,-0.18281235313042998,0.0003,21760,253,,,
17189,0.95,-591.452091217041,4364800,1088688,1077.2979745864868,0.15788619127124548,0.13906731503084302,0.0003,21824,253,,,
17237,0.92,-590.2545280456543,4377600,1091888,1560.923867225647,0.16226854547858238,0.1384491645731032,0.0003,21888,253,,,
17287,0.95,-593.1286125183105,4390400,1095088,1283.6670389175415,0.1585201220586896,-0.17546873982064426,0.0003,21952,253,,,
17336,0.94,-588.0219573974609,4403200,1098288,1092.5210440158844,0.1586163528263569,0.043861877638846636,0.0003,22016,253,,,
17384,0.85,-590.6133003234863,4416000,1101488,906.3766977787018,0.15112064220011234,0.0624106340110302,0.0003,22080,254,,,
17432,0.84,-587.8329200744629,4428800,1104688,1143.0786337852478,0.1631002565845847,-0.0852545436937362,0.0003,22144,254,,,
17480,0.83,-585.9676322937012,4441600,1107888,1593.05126953125,0.15690064150840044,-0.0029863365925848484,0.0003,22208,254,,,
17529,0.83,-587.9912986755371,4454400,1111088,1344.702936887741,0.1620108811184764,0.08291108929552138,0.0003,22272,254,,,
17577,0.87,-594.6613616943359,4467200,1114288,1396.5109021663666,0.16330166812986135,-0.24497921904549003,0.0003,22336,254,,,
17627,0.88,-593.9493446350098,4480000,1117488,631.3025033473969,0.14914181362837553,0.16095572151243687,0.0003,22400,254,,,
17675,0.88,-591.6023178100586,4492800,1120688,1666.2458543777466,0.16524812206625938,-0.06457147095352411,0.0003,22464,254,,,
17723,0.87,-597.6529541015625,4505600,1123888,849.6028232574463,0.15560461301356554,-0.08903005649335682,0.0003,22528,254,,,
17773,0.91,-591.4466323852539,4518400,1127088,1287.6228139400482,0.1541112083941698,-0.35903527960181236,0.0003,22592,254,,,
17820,0.88,-591.7749137878418,4531200,1130288,1526.3364582061768,0.17374490294605494,-0.27887944830581546,0.0003,22656,254,,,
17870,0.89,-591.6607475280762,4544000,1133488,1451.527411699295,0.16704902797937393,-0.2110846466384828,0.0003,22720,254,,,
17918,0.92,-598.5208129882812,4556800,1136688,1227.2836198806763,0.1622239500284195,0.13791197398677468,0.0003,22784,254,,,
17968,0.95,-596.2622947692871,4569600,1139888,1905.0798382759094,0.18116483371704817,-0.005397228291258216,0.0003,22848,254,,,
18016,0.94,-597.7378807067871,4582400,1143088,1500.9699614048004,0.1748027140274644,-0.12520637572742999,0.0003,22912,254,,,
18065,0.91,-600.6720008850098,4595200,1146288,1128.7581872940063,0.17766440194100142,-0.12149750883691013,0.0003,22976,254,,,
18114,0.87,-603.0813827514648,4608000,1149488,933.8306946754456,0.17232349794358015,-0.06371517525985837,0.0003,23040,254,,,
18162,0.9,-600.4851875305176,4620800,1152688,1412.8536567687988,0.1627780832350254,-0.26937888469547033,0.0003,23104,254,,,
18211,0.93,-601.1011085510254,4633600,1155888,791.0646328926086,0.16439004894346,0.05545251083094627,0.0003,23168,254,,,
18260,0.88,-599.2586975097656,4646400,1159088,1264.5721623897552,0.15892740711569786,-0.035276096779853106,0.0003,23232,254,,,
18309,0.88,-601.5138702392578,4659200,1162288,1211.0988159179688,0.15966227650642395,-0.1552523602731526,0.0003,23296,254,,,
18358,0.89,-600.5220603942871,4672000,1165488,1133.759159564972,0.16266878601163626,-0.3136525610461831,0.0003,23360,254,,,
18407,0.89,-602.8393859863281,4684800,1168688,1282.4526386260986,0.16402891278266907,0.035629138350486755,0.0003,23424,254,,,
18455,0.92,-601.8210105895996,4697600,1171888,1029.6862893104553,0.1719528380781412,-0.035719271982088685,0.0003,23488,254,,,
18504,0.89,-601.2191696166992,4710400,1175088,1246.8417162895203,0.16424057353287935,0.11090651201084256,0.0003,23552,254,,,
18554,0.92,-599.9731254577637,4723200,1178288,1923.7497301101685,0.1723557785153389,-0.21867979178205132,0.0003,23616,254,,,
18602,0.91,-604.7616577148438,4736000,1181488,913.3823697566986,0.16707005817443132,0.07314524834509939,0.0003,23680,254,,,
18650,0.9,-608.0315895080566,4748800,1184688,1256.8135390281677,0.16420257184654474,-0.14524799794889987,0.0003,23744,254,,,
18698,0.93,-604.8746681213379,4761600,1187888,771.9869416952133,0.15182770043611526,-0.010495410766452551,0.0003,23808,254,,,
18747,0.93,-600.3530921936035,4774400,1191088,1510.9837975502014,0.15008138492703438,0.21226059226319194,0.0003,23872,254,,,
18796,0.91,-603.3670997619629,4787200,1194288,1161.4540348052979,0.1429330762475729,0.06692535546608269,0.0003,23936,254,,,
18845,0.87,-605.6220207214355,4800000,1197488,1098.1720938682556,0.14842991065233946,-0.2230188485700637,0.0003,24000,254,,,
18894,0.85,-604.1595077514648,4812800,1200688,1348.8195021152496,0.1614543991163373,-0.039622094947844744,0.0003,24064,254,,,
18942,0.8,-603.9668197631836,4825600,1203888,1180.8236844539642,0.17487694509327412,-0.15840838570147753,0.0003,24128,254,,,
18991,0.86,-599.6982727050781,4838400,1207088,874.2764571905136,0.16513488441705704,-0.006107394699938595,0.0003,24192,254,,,
19039,0.88,-598.6247673034668,4851200,1210288,1586.9492828845978,0.16152578126639128,-0.03429016564041376,0.0003,24256,254,,,
19088,0.89,-604.4700660705566,4864000,1213488,996.9690067768097,0.15885339304804802,-0.2748429540079087,0.0003,24320,254,,,
19136,0.84,-599.5002365112305,4876800,1216688,1068.1820673942566,0.16499866638332605,0.24384265393018723,0.0003,24384,254,,,
19185,0.85,-593.3729515075684,4889600,1219888,866.0269894599915,0.15378547739237547,0.2283610834274441,0.0003,24448,254,,,
19233,0.91,-596.6002655029297,4902400,1223088,1238.6098728179932,0.14907533023506403,0.2682447414845228,0.0003,24512,254,,,
19281,0.92,-596.8561210632324,4915200,1226288,1565.287755727768,0.1491896202787757,0.11403942154720426,0.0003,24576,254,,,
19330,0.93,-597.5512580871582,4928000,1229488,1909.0224363803864,0.1597729129716754,-0.17792849335819483,0.0003,24640,254,,,
19378,0.93,-598.5138854980469,4940800,1232688,1557.273323059082,0.14656829833984375,-0.13303819950670004,0.0003,24704,254,,,
19426,0.91,-598.4281005859375,4953600,1235888,1510.9426546096802,0.14661662187427282,0.05469619808718562,0.0003,24768,254,,,
19476,0.94,-600.467414855957,4966400,1239088,1516.2027764320374,0.15396334417164326,0.09576739883050323,0.0003,24832,254,,,
19524,0.93,-600.1788711547852,4979200,1242288,894.8011012077332,0.16423344798386097,0.12970512197352946,0.0003,24896,255,,,
19572,0.89,-600.3013153076172,4992000,1245488,1098.953424692154,0.15068398043513298,-0.024658443173393607,0.0003,24960,255,,,
,,-601.9360961914062,5000000,1247488,1009.4007744789124,0.15502628218382597,-0.15559485310222954,0.0003,,,0.85,1404.0262094147504,200.0
