train/n_updates,train/ent_coef,time/time_elapsed,train/learning_rate,train/critic_loss,time/fps,train/actor_loss,rollout/success_rate,time/total_timesteps,train/ent_coef_loss,time/episodes,eval/mean_ep_length,eval/success_rate,eval/mean_reward
688,0.8154104612767696,20,0.0003,0.016912666673306376,611,-4.601699650287628,0.0,12800,-0.6871878765523434,64,,,
3888,0.31222264654934406,73,0.0003,0.003032806605915539,349,-12.180919110774994,0.0,25600,-3.914611265063286,128,,,
7088,0.11955620953813195,161,0.0003,0.0011965146368311252,237,-13.339881002902985,0.0,38400,-7.144608169794083,192,,,
10288,0.04578696517273784,245,0.0003,0.0006463546233135276,208,-12.138975262641907,0.0,51200,-10.364651441574097,256,,,
13488,0.017572322394698858,294,0.0003,0.0007470543587260181,217,-10.296790301799774,0.01,64000,-13.375010967254639,320,,,
16688,0.006800587609177455,341,0.0003,0.0004975690353603568,224,-8.41542398929596,0.0,76800,-15.74106764793396,384,,,
19888,0.002680997349671088,389,0.0003,0.0075437508057802916,230,-6.73386687040329,0.0,89600,-16.79099428653717,448,,,
23088,0.0010743422390078194,437,0.0003,0.0007028024474493577,234,-5.209162473678589,0.0,102400,-16.30973392724991,512,,,
26288,0.00045676383706449997,484,0.0003,0.0004471822367122513,237,-3.9367201179265976,0.0,115200,-11.256846249103546,576,,,
29488,0.0002272044630444725,530,0.0003,0.0007825085112926899,241,-2.8434633016586304,0.0,128000,-3.882801190018654,640,,,
32688,0.00019123132733511738,577,0.0003,0.0005514311624210677,243,-1.9389623627066612,0.0,140800,2.994991756975651,704,,,
35888,0.00024049722742347512,625,0.0003,0.0009140851952906814,245,-1.1739163026213646,0.0,153600,-0.9926284551620483,768,,,
39088,0.00019948387216572883,672,0.0003,0.000990907925825013,247,-0.4912764262408018,0.01,166400,-0.047337877564132214,832,,,
42288,0.0001859969379438553,720,0.0003,0.0010316024672647472,248,0.04995057871565223,0.0,179200,-1.1370585560798645,896,,,
45488,0.00017942306112672668,768,0.0003,0.0007430924715663423,249,0.5224389545619488,0.0,192000,0.4685058668255806,960,,,
48688,0.00015321357750508469,815,0.0003,0.0016599853825027822,250,0.9315086379647255,0.01,204800,3.01316886767745,1024,,,
51888,0.00015973367135302396,864,0.0003,0.0011137328228869592,251,1.2592247128486633,0.01,217600,-0.707825381308794,1088,,,
55088,0.00019920230806746986,910,0.0003,0.0005950010627202573,252,1.5436350628733635,0.02,230400,0.20649209432303905,1152,,,
58288,0.00018591452226246474,960,0.0003,0.002051438906164549,253,1.7823773473501205,0.04,243200,1.6073368676006794,1216,,,
61488,0.0001940252905114903,1007,0.0003,0.0013131125169820734,254,1.962706908583641,0.0,256000,-0.9871705397963524,1280,,,
64688,0.00017964758990274277,1055,0.0003,0.0016435158722742926,254,2.1296628266572952,0.02,268800,0.09787761978805065,1344,,,
67888,0.00019140430140396347,1104,0.0003,0.002619071088702185,254,2.249627858400345,0.07,281600,0.35099343210458755,1408,,,
71088,0.00019311254254716914,1153,0.0003,0.002188825594203081,255,2.3610741049051285,0.02,294400,-0.5366420783102512,1472,,,
74288,0.00020096704975003377,1202,0.0003,0.0032962394843707443,255,2.4669366478919983,0.06,307200,-0.9445607922971249,1536,,,
77488,0.00022823549807071686,1251,0.0003,0.0036497552282526158,255,2.5298886448144913,0.05,320000,-4.080127418041229,1600,,,
80688,0.0002454525547364028,1317,0.0003,0.003079853322560666,252,2.570257544517517,0.09,332800,3.293932408094406,1664,,,
83888,0.00031243560079019517,1411,0.0003,0.002624964165079291,244,2.575533092021942,0.06,345600,-0.2752050245180726,1728,,,
87088,0.0002560377433837857,1462,0.0003,0.0031014677697385196,245,2.626667395234108,0.13,358400,-1.2301458595320582,1792,,,
88240,0.00027015300474886317,1481,0.0003,0.003281308874647948,244,2.6307951509952545,0.2,363008,3.3327568285167217,1856,,,
91040,0.0002845251983671915,1524,0.0003,0.003938863086659694,245,2.667814239859581,0.18,374208,1.7845172099769115,1920,,,
94064,0.0002608598078950308,1571,0.0003,0.004405655061418656,245,2.6746256798505783,0.1,386304,-1.6557339886203408,1984,,,
97008,0.0002888366852857871,1617,0.0003,0.0032983794044412207,246,2.7114612758159637,0.14,398080,-0.23570904228836298,2048,,,
100064,0.0002974511135107605,1665,0.0003,0.0025887645733746467,246,2.74496129155159,0.15,410304,0.19729087501764297,2112,,,
103200,0.00029314530729607213,1714,0.0003,0.004437615840288345,246,2.7594192773103714,0.16,422848,0.1622279230505228,2176,,,
105328,0.0002535807252570521,1748,0.0003,0.004626780431863153,246,2.783131778240204,0.24,431360,-0.0435502789914608,2240,,,
107472,0.0002712041859922465,1782,0.0003,0.004897257938864641,246,2.7677722424268723,0.23,439936,-0.01857125386595726,2304,,,
110208,0.0002956542302854359,1826,0.0003,0.0044101246567151975,246,2.776828855276108,0.23,450880,1.1828785557299852,2368,,,
112992,0.0003114096361969132,1872,0.0003,0.003340670380566735,246,2.7877358198165894,0.24,462016,0.837439953815192,2432,,,
115664,0.0002835495961335255,1915,0.0003,0.006106460787123069,246,2.788192480802536,0.3,472704,1.2946541346609592,2496,,,
117872,0.00030043115839362144,1952,0.0003,0.0033591789688216522,246,2.7722909450531006,0.24,481536,-0.8196630235761404,2560,,,
120080,0.00029732613074884284,1988,0.0003,0.005505754244950367,246,2.801911398768425,0.27,490368,-0.5607595443725586,2624,,,
122816,0.00028427114739315584,2032,0.0003,0.007042400844511576,246,2.7897517532110214,0.21,501312,0.9916103146970272,2688,,,
125408,0.0002985910359711852,2074,0.0003,0.003398885099159088,246,2.7982130646705627,0.28,511680,-0.08125549368560314,2752,,,
127920,0.00028083509823773056,2115,0.0003,0.005366083736589644,246,2.81960366666317,0.27,521728,-1.2865453287959099,2816,,,
129888,0.00030529538162227254,2148,0.0003,0.0031622228343621828,246,2.8198370039463043,0.27,529600,1.6264013648033142,2880,,,
132832,0.0002936477012553951,2196,0.0003,0.0043831840812345035,246,2.811703696846962,0.25,541376,0.2628074362874031,2944,,,
135296,0.0002495801109034801,2237,0.0003,0.005489324204972945,246,2.7833655774593353,0.32,551232,-0.47080854419618845,3008,,,
137648,0.00024955481057986617,2275,0.0003,0.005467624268931104,246,2.808296948671341,0.29,560640,0.10716433264315128,3072,,,
139728,0.0002845123817678541,2310,0.0003,0.004276731619029306,246,2.8301877826452255,0.26,568960,-0.7249083388596773,3136,,,
142400,0.00026726220494310837,2353,0.0003,0.003914134667866165,246,2.8183481842279434,0.34,579648,0.48271368630230427,3200,,,
145040,0.0002989186341437744,2397,0.0003,0.0053163104894338176,246,2.8267681002616882,0.28,590208,-0.006687350571155548,3264,,,
146768,0.00029187622567405924,2426,0.0003,0.006497680384200066,246,2.8090173602104187,0.31,597120,-0.6378357820212841,3328,,,
149536,0.00031052552367327735,2470,0.0003,0.004520500275248196,246,2.79703888297081,0.29,608192,2.965307753533125,3392,,,
151984,0.00032185800046136137,2511,0.0003,0.006557720131240785,246,2.7922173142433167,0.27,617984,-0.657700615003705,3456,,,
154032,0.0003308954001113307,2546,0.0003,0.009008059103507549,245,2.7813722789287567,0.3,626176,-0.17979966383427382,3520,,,
156448,0.00030713824526173994,2586,0.0003,0.00640705422119936,245,2.784298896789551,0.3,635840,-0.8838250217959285,3584,,,
159264,0.00030284918102552183,2632,0.0003,0.003743330671568401,245,2.77917517721653,0.27,647104,-0.5886122141964734,3648,,,
161504,0.0003112014546786668,2669,0.0003,0.006353031862090575,245,2.7885631024837494,0.29,656064,1.1510394783690572,3712,,,
163824,0.00030019801852176897,2707,0.0003,0.010807232254592236,245,2.791712924838066,0.35,665344,-0.859631298109889,3776,,,
165920,0.00031661116918257903,2743,0.0003,0.005670672191627091,245,2.761245831847191,0.33,673728,0.6564549589529634,3840,,,
168352,0.0003316166748845717,2783,0.0003,0.005450341806863435,245,2.804384782910347,0.35,683456,0.4201649250462651,3904,,,
170720,0.0003491891948215198,2823,0.0003,0.005839786506840028,245,2.781745359301567,0.34,692928,0.6833012755960226,3968,,,
172672,0.0003614124725572765,2855,0.0003,0.005022334138629958,245,2.759394884109497,0.36,700736,0.6942873951047659,4032,,,
175520,0.0003541283222148195,2902,0.0003,0.00779735859396169,245,2.7573002129793167,0.3,712128,2.113822489976883,4096,,,
177200,0.0003671683825814398,2931,0.0003,0.006451988851040369,245,2.755544498562813,0.4,718848,1.4644425939768553,4160,,,
179280,0.00039706973257125355,2966,0.0003,0.005266879561531823,245,2.7154053300619125,0.4,727168,0.7511972915381193,4224,,,
181648,0.00042953811498591676,3007,0.0003,0.004426860794410459,244,2.7415485233068466,0.35,736640,-1.0973458364605904,4288,,,
183264,0.0004101747617824003,3034,0.0003,0.004419295168190729,244,2.7242609709501266,0.43,743104,-0.18275016080588102,4352,,,
185680,0.0004523898824118078,3073,0.0003,0.005857700452907011,244,2.7289516031742096,0.43,752768,1.3747328408062458,4416,,,
188160,0.0004641214018192841,3115,0.0003,0.009010727415443398,244,2.7037782073020935,0.37,762688,1.2876538001000881,4480,,,
189472,0.00048329049786843825,3139,0.0003,0.005913937206059927,244,2.712112843990326,0.44,767936,0.46678293496370316,4544,,,
191360,0.0004776336718350649,3170,0.0003,0.0026855565738514997,244,2.683075949549675,0.58,775488,-0.1771672423928976,4608,,,
193456,0.00048661040636943653,3206,0.0003,0.006354058379656635,244,2.67245389521122,0.45,783872,-0.44211940933018923,4672,,,
195024,0.000522395897860406,3234,0.0003,0.008031424942601006,244,2.656052052974701,0.51,790144,1.910623636096716,4736,,,
196880,0.0005882370605831966,3266,0.0003,0.008168990112608299,244,2.5852289497852325,0.54,797568,1.3432648880407214,4800,,,
198528,0.000749253489630064,3295,0.0003,0.005497874662978575,244,2.56477752327919,0.52,804160,0.9219496604055166,4864,,,
200320,0.0009481777451583184,3326,0.0003,0.01017205754033057,243,2.485288053750992,0.53,811328,-1.2048173621296883,4928,,,
202128,0.00113173526187893,3358,0.0003,0.010855120584892575,243,2.4313171207904816,0.5,818560,-0.04158223886042833,4992,,,
204096,0.000904343840375077,3393,0.0003,0.009322107667685486,243,2.4091628193855286,0.5,826432,-0.5364552540704608,5056,,,
205760,0.0007704395829932764,3421,0.0003,0.00771000976965297,243,2.425623193383217,0.49,833088,0.9192076195031404,5120,,,
207760,0.0007409615536744241,3455,0.0003,0.007804177083016839,243,2.4310934841632843,0.46,841088,-0.5745758572593331,5184,,,
209904,0.000729847091861302,3492,0.0003,0.004936767589242663,243,2.451032370328903,0.48,849664,0.2246497217565775,5248,,,
211216,0.0007744253707642201,3515,0.0003,0.006622627544857096,243,2.430290848016739,0.5,854912,0.46943044662475586,5312,,,
213312,0.0009293062539654784,3550,0.0003,0.010264773991366383,243,2.408268228173256,0.51,863296,-0.3404921218752861,5376,,,
214576,0.0009596279996912926,3573,0.0003,0.007094369051628746,243,2.4224338233470917,0.51,868352,0.5042241606861353,5440,,,
216304,0.0009806638336158358,3603,0.0003,0.007938221810036339,242,2.3841768503189087,0.59,875264,-0.4272408401593566,5504,,,
218240,0.0009204822854371741,3636,0.0003,0.00788687991007464,242,2.3794673532247543,0.49,883008,-1.0893587209284306,5568,,,
220304,0.000902565021533519,3682,0.0003,0.007542285791714676,242,2.365030452609062,0.49,891264,-0.6768116876482964,5632,,,
221840,0.0008987788642116357,3729,0.0003,0.005859293138200883,240,2.3596529215574265,0.49,897408,0.6077306484803557,5696,,,
224176,0.0008723687933525071,3791,0.0003,0.0070780154564999975,239,2.3391437381505966,0.48,906752,-0.06176176480948925,5760,,,
225344,0.0008195586488000117,3824,0.0003,0.008814969405648299,238,2.334940180182457,0.49,911424,-0.24837271310389042,5824,,,
227312,0.0008179945689335,3879,0.0003,0.004813824416487478,236,2.364155560731888,0.63,919296,-0.3207638617604971,5888,,,
228880,0.0007823512532922905,3925,0.0003,0.009054366219061194,235,2.333869591355324,0.53,925568,0.30631620856001973,5952,,,
230944,0.000760458813601872,3960,0.0003,0.009658224444137886,235,2.3666894882917404,0.5,933824,0.045738741755485535,6016,,,
232352,0.0007737556734355167,3986,0.0003,0.007135532374377362,235,2.347614198923111,0.54,939456,-0.23064937256276608,6080,,,
233712,0.0008362841763300821,4010,0.0003,0.011013745548552833,235,2.338406354188919,0.67,944896,-0.3780973805114627,6144,,,
235360,0.0008505497389705852,4038,0.0003,0.008166006635292433,235,2.301373317837715,0.59,951488,0.15404441766440868,6208,,,
236976,0.0008969952250481583,4066,0.0003,0.008826892408251297,235,2.310382843017578,0.56,957952,-0.6817807611078024,6272,,,
238528,0.0008623643407190684,4094,0.0003,0.011130877937830519,235,2.2862104326486588,0.55,964160,0.38774634152650833,6336,,,
240368,0.0008379953105759341,4125,0.0003,0.005228502879617736,235,2.301630139350891,0.57,971520,-5.7758763432502747e-05,6400,,,
241728,0.0008096594574453775,4149,0.0003,0.0058984087881981395,235,2.276770696043968,0.59,976960,0.33796043135225773,6464,,,
243072,0.0008537139146937989,4173,0.0003,0.011276942444965243,235,2.2520474940538406,0.65,982336,0.46817842312157154,6528,,,
244704,0.000872244083439,4201,0.0003,0.0066348040745651815,235,2.272028237581253,0.62,988864,0.07635937165468931,6592,,,
245904,0.0008206169186451007,4223,0.0003,0.007743694117380073,235,2.2424942404031754,0.65,993664,0.8732893168926239,6656,,,
247488,0.0008437026881438214,,0.0003,0.00979760892005288,,2.229135200381279,,1000000,1.063786467537284,,103.0,0.6,-20.895524070039393
,,4343,,,230,,0.68,1000000,,6720,,,
249088,0.0008061091648414731,4372,0.0003,0.00852684418350691,230,2.2655945867300034,0.6,1006400,0.9072164818644524,6784,,,
250592,0.0009268548310501501,4398,0.0003,0.009793740893655922,230,2.2803011387586594,0.6,1012416,0.9258095100522041,6848,,,
252272,0.0008887476724339649,4427,0.0003,0.009185564689687453,230,2.2437609136104584,0.58,1019136,0.5890640169382095,6912,,,
253280,0.000913708056032192,4445,0.0003,0.010192630208621267,230,2.2408633083105087,0.65,1023168,-0.054910700768232346,6976,,,
255184,0.0009087475082196761,4478,0.0003,0.010702530955313705,230,2.220121920108795,0.7,1030784,0.26088940165936947,7040,,,
256416,0.0009116960645769723,4500,0.0003,0.009953499800758436,230,2.2091765105724335,0.57,1035712,-0.6312172524631023,7104,,,
257520,0.000930575388338184,4519,0.0003,0.007608621534018312,230,2.2581745982170105,0.67,1040128,0.754239259287715,7168,,,
259024,0.0009383255674038082,4547,0.0003,0.009370462386868894,230,2.199101537466049,0.7,1046144,-0.25004053954035044,7232,,,
260288,0.0010238248942187056,4570,0.0003,0.009551343697239645,229,2.1893254220485687,0.67,1051200,0.13249204866588116,7296,,,
261872,0.00097859266679734,4597,0.0003,0.007459622764145024,230,2.160658434033394,0.68,1057536,-0.6624957248568535,7360,,,
263072,0.000971238907368388,4619,0.0003,0.009188864874886349,229,2.1614255160093307,0.69,1062336,-0.3044857019558549,7424,,,
264288,0.0009816147503443062,4641,0.0003,0.012423520063748583,229,2.165850132703781,0.68,1067200,0.2194896601140499,7488,,,
265424,0.0010209413740085438,4662,0.0003,0.008115838034427725,229,2.171431452035904,0.72,1071744,-0.03246121481060982,7552,,,
266576,0.0010435515432618558,4684,0.0003,0.007519889382820111,229,2.1525427997112274,0.77,1076352,-0.5735891591757536,7616,,,
267776,0.0010769059372250922,4705,0.0003,0.012482382779126056,229,2.115945413708687,0.73,1081152,0.12332382146269083,7680,,,
268800,0.0011233776094741188,4724,0.0003,0.00835096012451686,229,2.1205898821353912,0.73,1085248,-0.7495334707200527,7744,,,
270064,0.0011107228201581165,4746,0.0003,0.009775475940841716,229,2.093073792755604,0.74,1090304,-0.37985815620049834,7808,,,
271200,0.0011304489671601914,4767,0.0003,0.008646990216220729,229,2.0849547386169434,0.73,1094848,-0.22842909954488277,7872,,,
272224,0.0012481114463298582,4786,0.0003,0.013105926562275272,229,2.0841264352202415,0.74,1098944,-0.42596855014562607,7936,,,
273424,0.0012146303415647708,4808,0.0003,0.010152789342100732,229,2.057588830590248,0.78,1103744,-0.6565429084002972,8000,,,
274512,0.0011815317193395458,4828,0.0003,0.0073695460669114254,229,2.0599106028676033,0.74,1108096,0.019840841181576252,8064,,,
275760,0.0012298998044570908,4850,0.0003,0.00504468923463719,229,2.0790857300162315,0.73,1113088,0.418669618666172,8128,,,
277040,0.0011788838237407617,4874,0.0003,0.010256531721097417,229,2.039974883198738,0.72,1118208,0.4293200047686696,8192,,,
278160,0.001175708974187728,4895,0.0003,0.008829395606881008,229,2.0518581196665764,0.69,1122688,0.13751875888556242,8256,,,
279584,0.001164964480267372,4921,0.0003,0.0075301160832168534,229,2.0421315729618073,0.71,1128384,0.791415523737669,8320,,,
280864,0.0012980413594050333,4943,0.0003,0.007143531467590947,229,2.0237656831741333,0.64,1133504,-0.8345806580036879,8384,,,
282320,0.0012874029416707344,4975,0.0003,0.011199715925613418,228,2.0096194371581078,0.67,1139328,0.49537639785557985,8448,,,
283712,0.0012152409908594564,5018,0.0003,0.010851040795387235,228,2.0043655559420586,0.7,1144896,1.0595867931842804,8512,,,
284544,0.0011642067183856852,5045,0.0003,0.00794526078243507,227,1.9532015398144722,0.75,1148224,-0.8935233196243644,8576,,,
285584,0.001237835269421339,5078,0.0003,0.012642321031307802,226,1.9864609017968178,0.79,1152384,-0.38948210002854466,8640,,,
286992,0.0012375291335047223,5117,0.0003,0.010173629663768224,226,1.9593242481350899,0.76,1158016,0.24669456481933594,8704,,,
288096,0.0011955438458244316,5137,0.0003,0.008743616155697964,226,1.9777313768863678,0.7,1162432,-0.4908769130706787,8768,,,
289296,0.0011622818710748106,5175,0.0003,0.008426632964983582,225,1.957587443292141,0.69,1167232,-0.731606025248766,8832,,,
290240,0.0012154637806816027,5205,0.0003,0.012523170342319645,224,1.944371409714222,0.73,1171008,0.7115778103470802,8896,,,
291088,0.0011330742636346258,5226,0.0003,0.018192407151218504,224,1.9522412419319153,0.83,1174400,-0.21587737649679184,8960,,,
292144,0.0011355753158568405,5259,0.0003,0.00982007033599075,224,1.9458134099841118,0.83,1178624,-0.8172341687604785,9024,,,
293296,0.0012313922416069545,5295,0.0003,0.008144390150846448,223,1.939038246870041,0.79,1183232,0.24896801635622978,9088,,,
294144,0.0012154918586020358,5322,0.0003,0.009433749961317517,222,1.9213591516017914,0.8,1186624,-0.8713595177978277,9152,,,
295312,0.0012062668029102497,5358,0.0003,0.01163961888232734,222,1.9076383113861084,0.82,1191296,-0.7844085032120347,9216,,,
296544,0.0012156497323303483,5396,0.0003,0.007835950760636479,221,1.8992722257971764,0.76,1196224,0.7714822734706104,9280,,,
297344,0.0012455943215172738,5422,0.0003,0.011618404307228047,221,1.8978277072310448,0.77,1199424,0.7514363657683134,9344,,,
298224,0.0012910803343402222,5451,0.0003,0.006853746861452237,220,1.9072131961584091,0.78,1202944,0.3086569383740425,9408,,,
299312,0.001253724520211108,5485,0.0003,0.012111550298868679,220,1.8747840002179146,0.84,1207296,0.6640321095474064,9472,,,
300048,0.0013049806002527475,5509,0.0003,0.012305743322940543,219,1.886055700480938,0.82,1210240,-0.043200695887207985,9536,,,
300736,0.001303767210629303,5532,0.0003,0.006542402472405229,219,1.8811946138739586,0.82,1212992,0.7618469316512346,9600,,,
301584,0.0013426559744402766,5560,0.0003,0.005340351068298332,218,1.8619979992508888,0.84,1216384,-0.4706980846822262,9664,,,
302704,0.0013033851500949822,5595,0.0003,0.008314056518429425,218,1.849991001188755,0.81,1220864,-0.4006969602778554,9728,,,
303824,0.001396039908286184,5631,0.0003,0.010129648158908822,217,1.8774908259510994,0.8,1225344,0.056921702809631824,9792,,,
304608,0.0014358157495735213,5657,0.0003,0.013692576947505586,217,1.8374606892466545,0.85,1228480,0.3254269454628229,9856,,,
305440,0.0014733360076206736,5685,0.0003,0.011171588928846177,216,1.799975924193859,0.83,1231808,0.005937634035944939,9920,,,
306448,0.0014079264947213233,5717,0.0003,0.012089250187273137,216,1.8040445819497108,0.86,1235840,0.008610816672444344,9984,,,
307376,0.0013721394861931913,5746,0.0003,0.01069756476499606,215,1.809059590101242,0.84,1239552,-0.023379864171147346,10048,,,
308320,0.0014117065293248743,5777,0.0003,0.01340389423421584,215,1.8083256930112839,0.78,1243328,-0.624053793027997,10112,,,
309440,0.0014638672000728548,5812,0.0003,0.010024577437434345,214,1.7953819185495377,0.74,1247808,-0.2338619139045477,10176,,,
310448,0.0014574678498320282,5844,0.0003,0.013860634790034965,214,1.8082611486315727,0.8,1251840,0.12867315206676722,10240,,,
311152,0.0014693364282720722,5867,0.0003,0.011406831465137657,213,1.7738675475120544,0.82,1254656,-0.08746489696204662,10304,,,
312032,0.0014173707531881519,5896,0.0003,0.010647520874044858,213,1.7904257476329803,0.8,1258176,-0.5080028881784528,10368,,,
312976,0.001387966374750249,5926,0.0003,0.011267336289165542,212,1.7994771301746368,0.86,1261952,0.04185299202799797,10432,,,
313840,0.0013935682727606036,5954,0.0003,0.008099936152575538,212,1.7993518561124802,0.83,1265408,-0.19774278113618493,10496,,,
314704,0.0013499798078555614,5982,0.0003,0.009116319168242626,212,1.7730108723044395,0.81,1268864,0.48191251792013645,10560,,,
315536,0.001436371727322694,6009,0.0003,0.009948191625881009,211,1.7521754801273346,0.8,1272192,1.3324459604918957,10624,,,
316352,0.0015015394674264826,6035,0.0003,0.011936640221392736,211,1.7477058097720146,0.82,1275456,1.2313149590045214,10688,,,
317200,0.0014161943618091755,6062,0.0003,0.008652378266560845,210,1.7528906390070915,0.86,1278848,-0.6023436160758138,10752,,,
317936,0.0014611757578677498,6086,0.0003,0.00844443817913998,210,1.7632682621479034,0.84,1281792,-0.2507362272590399,10816,,,
318800,0.0015294963377527893,6114,0.0003,0.010320239554857835,210,1.7413784861564636,0.86,1285248,1.0380835104733706,10880,,,
319792,0.0014589859565603547,6147,0.0003,0.012598151544807479,209,1.7336215451359749,0.8,1289216,-0.9214488985016942,10944,,,
320688,0.001434468875231687,6177,0.0003,0.013618530087114777,209,1.7406753599643707,0.85,1292800,-0.42155277263373137,11008,,,
321408,0.0014302554991445504,6201,0.0003,0.007198216197139118,208,1.7839848548173904,0.85,1295680,-1.075807886198163,11072,,,
322144,0.0014605899341404438,6225,0.0003,0.012470024463254958,208,1.7596216723322868,0.84,1298624,-0.024207553826272488,11136,,,
323072,0.0014794730523135513,6255,0.0003,0.014011228384333663,208,1.7391692250967026,0.84,1302336,-0.3192267119884491,11200,,,
324000,0.0014865905977785587,6284,0.0003,0.009705942866276018,207,1.7367816492915154,0.82,1306048,-0.1552811125293374,11264,,,
324896,0.0014642958922195248,6313,0.0003,0.011824089007859584,207,1.734261192381382,0.85,1309632,1.423019915819168,11328,,,
325552,0.0015000095809227787,6334,0.0003,0.00778776036167983,207,1.74283966422081,0.86,1312256,-0.6438982440158725,11392,,,
326480,0.0015102522447705269,6364,0.0003,0.01063191042339895,206,1.7164689525961876,0.81,1315968,-0.01190950209274888,11456,,,
327344,0.0014722888154210523,6394,0.0003,0.012500461525633,206,1.743966892361641,0.86,1319424,-0.7023310251533985,11520,,,
328256,0.0015009854614618234,6424,0.0003,0.011562204555957578,205,1.7044727802276611,0.87,1323072,0.32252857368439436,11584,,,
328992,0.0014010601153131574,6448,0.0003,0.010188968059082981,205,1.7282733991742134,0.81,1326016,-0.1297224285081029,11648,,,
329792,0.0014059191744308919,6474,0.0003,0.011060326447477564,205,1.7135661020874977,0.84,1329216,-0.15077397506684065,11712,,,
330576,0.0014307707751868293,6500,0.0003,0.006091261711844709,204,1.720831073820591,0.86,1332352,1.032658914104104,11776,,,
331312,0.0014645866031059995,6524,0.0003,0.01051610483409604,204,1.7233780920505524,0.91,1335296,-0.030718724243342876,11840,,,
332320,0.001505292959336657,6557,0.0003,0.008624913381936494,204,1.7065711244940758,0.81,1339328,-0.4728733329102397,11904,,,
333104,0.0015641257778042927,6581,0.0003,0.01070177272777073,203,1.6760857701301575,0.84,1342464,0.5319054452702403,11968,,,
333824,0.0015529004012933,6607,0.0003,0.009936356596881524,203,1.6754641011357307,0.85,1345344,-0.11221601720899343,12032,,,
334576,0.0015760340029373765,6632,0.0003,0.012514854468463454,203,1.6871405765414238,0.83,1348352,-0.9267044793814421,12096,,,
335312,0.0015729673759778962,6657,0.0003,0.011549706381629221,202,1.6562049239873886,0.85,1351296,0.5026035746559501,12160,,,
336064,0.001547924184706062,6681,0.0003,0.00846971123246476,202,1.6744939982891083,0.91,1354304,0.07748595532029867,12224,,,
336816,0.0014921817783033475,6706,0.0003,0.0121016776538454,202,1.6838411092758179,0.89,1357312,0.38953378004953265,12288,,,
337424,0.001434569523553364,6727,0.0003,0.012662365756114013,202,1.6700857132673264,0.88,1359744,0.2940657436847687,12352,,,
338064,0.001490619768446777,6748,0.0003,0.01488137176784221,201,1.7002182230353355,0.87,1362304,0.13597475457936525,12416,,,
338896,0.0014734592186869122,6774,0.0003,0.01717920623923419,201,1.7000003904104233,0.91,1365632,1.324429901316762,12480,,,
339728,0.0015760011519887485,6802,0.0003,0.011245178175158799,201,1.6650431379675865,0.85,1368960,0.6485537495464087,12544,,,
340736,0.001594781017047353,6833,0.0003,0.02084231676417403,200,1.660184197127819,0.83,1372992,-0.12166420882567763,12608,,,
341504,0.0015809580800123513,6859,0.0003,0.008644705587357748,200,1.652186468243599,0.81,1376064,-0.2591871088370681,12672,,,
342336,0.0015382425408461131,6885,0.0003,0.014683544482977595,200,1.6456614062190056,0.85,1379392,-0.008722870610654354,12736,,,
343216,0.0015670454667997546,6914,0.0003,0.009783592846360989,200,1.6795627176761627,0.83,1382912,0.16978742135688663,12800,,,
343984,0.0015614364383509383,6939,0.0003,0.007899687814642675,199,1.652847707271576,0.85,1385984,-0.26934227906167507,12864,,,
344768,0.0015359465032815933,6965,0.0003,0.010135493081179447,199,1.6591070145368576,0.85,1389120,0.11606287024915218,12928,,,
345360,0.0015452200750587508,6984,0.0003,0.009534660988720134,199,1.6305759623646736,0.84,1391488,0.610736533999443,12992,,,
345984,0.0015727788922959007,7005,0.0003,0.009431562051759101,198,1.6627653390169144,0.86,1393984,0.0010385005734860897,13056,,,
346720,0.0015444325690623373,7029,0.0003,0.010300673442543484,198,1.6449855268001556,0.91,1396928,-0.21620407979935408,13120,,,
347520,0.0015548491501249373,7054,0.0003,0.01702002346428344,198,1.6229386553168297,0.93,1400128,0.4955451609566808,13184,,,
348224,0.0015145704892347567,7078,0.0003,0.008953059194027446,198,1.652524009346962,0.87,1402944,-0.8514425987377763,13248,,,
349072,0.001528066881292034,7107,0.0003,0.0065923177971853875,197,1.637677639722824,0.89,1406336,0.02088918909430504,13312,,,
349632,0.0016188477966352366,7126,0.0003,0.011909109278349206,197,1.6040840819478035,0.86,1408576,-0.4494113326072693,13376,,,
350208,0.0015755272906972095,7146,0.0003,0.01108513328654226,197,1.6234679222106934,0.92,1410880,-0.6917186686769128,13440,,,
350736,0.0016448669994133525,7164,0.0003,0.008484321646392345,197,1.578507013618946,0.9,1412992,1.0102286785840988,13504,,,
351360,0.0016246368977590464,7184,0.0003,0.015348333487054333,197,1.6080168634653091,0.9,1415488,-0.4805855508893728,13568,,,
351936,0.0016122229644679464,7204,0.0003,0.009391519044584129,196,1.5972825437784195,0.94,1417792,-0.41679354244843125,13632,,,
352576,0.0015798289750819094,7219,0.0003,0.010672119016817305,196,1.5942612290382385,0.95,1420352,0.12809358164668083,13696,,,
353408,0.0015542570399702527,7235,0.0003,0.011480190238216892,196,1.5997081249952316,0.93,1423680,-0.10878014750778675,13760,,,
354192,0.0015364301652880386,7250,0.0003,0.009953114582458511,196,1.5652310475707054,0.9,1426816,0.05886355880647898,13824,,,
354992,0.0016337493652827106,7265,0.0003,0.009563189225445967,196,1.5748585984110832,0.88,1430016,0.8008413538336754,13888,,,
355568,0.0017066172586055472,7276,0.0003,0.012678468992817216,196,1.564107246696949,0.88,1432320,0.5855042058974504,13952,,,
356304,0.001675927960604895,7289,0.0003,0.008669395996548701,196,1.581369325518608,0.93,1435264,0.5094929179176688,14016,,,
356992,0.0016420120737166144,7302,0.0003,0.012728934801998548,196,1.5690250843763351,0.88,1438016,0.06652833055704832,14080,,,
357680,0.0016519933415111154,7316,0.0003,0.011459328918135725,196,1.5527606457471848,0.9,1440768,0.7709848117083311,14144,,,
358320,0.0016844757992657833,7328,0.0003,0.009898575073748361,196,1.5783884897828102,0.88,1443328,-0.6582869505509734,14208,,,
358880,0.0016825321727083065,7339,0.0003,0.01093708784901537,196,1.5425984635949135,0.9,1445568,0.8373312139883637,14272,,,
359424,0.0017176973415189423,7350,0.0003,0.01152702591207344,196,1.5547741129994392,0.91,1447744,-0.6037437655031681,14336,,,
359920,0.0016596051646047272,7360,0.0003,0.007671768689760938,196,1.5383948385715485,0.93,1449728,0.19220370147377253,14400,,,
360560,0.0016978337444015779,7373,0.0003,0.008122411993099377,196,1.532604843378067,0.94,1452288,0.46483839489519596,14464,,,
361312,0.0017113056164816953,7387,0.0003,0.00995490129571408,196,1.5522458851337433,0.94,1455296,-0.6394234541803598,14528,,,
361904,0.0017147615071735345,7399,0.0003,0.011639012940577231,197,1.5303155854344368,0.95,1457664,0.15483204182237387,14592,,,
362496,0.0016672921337885782,7410,0.0003,0.01243528497434454,197,1.4852742925286293,0.9,1460032,0.007678740657866001,14656,,,
362960,0.0016608623263891786,7420,0.0003,0.012239156902069226,197,1.5051678493618965,0.91,1461888,-0.16263764770701528,14720,,,
363536,0.0016800094017526135,7431,0.0003,0.005493756318173837,197,1.5291249826550484,0.91,1464192,-0.013890943489968777,14784,,,
364144,0.0016705425223335624,7444,0.0003,0.010954827572277281,197,1.5125395953655243,0.96,1466624,-0.10109874978661537,14848,,,
364736,0.001649782236199826,7455,0.0003,0.008328934636665508,197,1.4799653589725494,0.94,1468992,0.6777363512665033,14912,,,
365360,0.0017793446313589811,7467,0.0003,0.008844991891237441,197,1.523623950779438,0.94,1471488,-1.569730231538415,14976,,,
366016,0.0017695755523163825,7479,0.0003,0.00780917689553462,197,1.5262554660439491,0.92,1474112,-0.93114317022264,15040,,,
366736,0.0017893591066240333,7493,0.0003,0.010733878858445678,197,1.4858884140849113,0.88,1476992,0.8272790787741542,15104,,,
367696,0.0018107905052602291,7511,0.0003,0.011054119742766488,197,1.4890027269721031,0.88,1480832,-0.02134244702756405,15168,,,
368464,0.001833901296777185,7525,0.0003,0.007858130826207343,197,1.4964600801467896,0.87,1483904,-0.23071915237233043,15232,,,
369216,0.0017761504714144394,7539,0.0003,0.012411125215294305,197,1.4957504123449326,0.87,1486912,-0.27800465282052755,15296,,,
369760,0.0018240873178001493,7550,0.0003,0.008036497165448964,197,1.4904203340411186,0.85,1489088,-0.3830773811787367,15360,,,
370368,0.001743638567859307,7566,0.0003,0.010320268404029775,197,1.481594555079937,0.9,1491520,-0.4861969933845103,15424,,,
370832,0.0017008147551678121,7577,0.0003,0.012652442477701697,197,1.4847222715616226,0.95,1493376,-0.059869712218642235,15488,,,
371392,0.0018211364877060987,7587,0.0003,0.0059874723956454545,197,1.4803918674588203,0.96,1495616,0.43135214503854513,15552,,,
372064,0.001840825738327112,7600,0.0003,0.008655887744680513,197,1.5050226673483849,0.96,1498304,0.03747827187180519,15616,,,
372752,0.0018018341797869653,7614,0.0003,0.009930974476446863,197,1.490439534187317,0.89,1501056,0.11127041094005108,15680,,,
373392,0.0017015013581840321,7626,0.0003,0.007438871776685119,197,1.472341664135456,0.93,1503616,0.4020260013639927,15744,,,
374192,0.0017614070238778368,7641,0.0003,0.013592015369795263,197,1.4805377125740051,0.91,1506816,-0.7228828892111778,15808,,,
374912,0.0017167088299174793,7655,0.0003,0.009359097195556387,197,1.4742915704846382,0.86,1509696,0.5087339370511472,15872,,,
375520,0.0017822847585193813,7667,0.0003,0.010179464588873088,197,1.450915202498436,0.89,1512128,-0.2646938553079963,15936,,,
376224,0.0017675273920758627,7681,0.0003,0.009630696382373571,197,1.4724546149373055,0.91,1514944,-0.3183035934343934,16000,,,
376816,0.0017754028813214973,7693,0.0003,0.008756474700930994,197,1.4737067222595215,0.92,1517312,-0.1859524780884385,16064,,,
377472,0.0018479249411029741,7706,0.0003,0.006627764450968243,197,1.4576807767152786,0.9,1519936,-0.09060781542211771,16128,,,
378080,0.001820280849642586,7718,0.0003,0.013302686733368319,197,1.4577892199158669,0.98,1522368,0.7896056156605482,16192,,,
378656,0.0017731683547026478,7729,0.0003,0.009102190400881227,197,1.4480913579463959,0.92,1524672,-0.03658687137067318,16256,,,
379296,0.001809575296647381,7742,0.0003,0.007630721702298615,197,1.4579475596547127,0.88,1527232,-0.3561497717164457,16320,,,
379888,0.00182637703983346,7753,0.0003,0.009062562719918787,197,1.434644415974617,0.92,1529600,-0.3550311913713813,16384,,,
380496,0.0017356633761664852,7766,0.0003,0.010385642148321494,197,1.4350617974996567,0.94,1532032,0.4218702455982566,16448,,,
381008,0.0018131399920093827,7776,0.0003,0.007844133047910873,197,1.4691382870078087,0.96,1534080,-0.030040754936635494,16512,,,
381552,0.0018503961109672673,7787,0.0003,0.009371785999974236,197,1.4508006423711777,0.95,1536256,-0.6973754139617085,16576,,,
382048,0.0018124930065823719,7797,0.0003,0.007274081428477075,197,1.4413580149412155,0.95,1538240,0.0873139277100563,16640,,,
382736,0.001829783788707573,7811,0.0003,0.008050633550737984,197,1.4253510236740112,0.95,1540992,0.7408253848552704,16704,,,
383408,0.001874968336778693,7824,0.0003,0.01261412807070883,197,1.4210717752575874,0.93,1543680,0.17899471707642078,16768,,,
384096,0.001822802958486136,7837,0.0003,0.00807567298761569,197,1.433052234351635,0.93,1546432,0.3075041347183287,16832,,,
384816,0.0018956587664433755,7851,0.0003,0.006603197994991206,197,1.4281656667590141,0.92,1549312,0.5356875583529472,16896,,,
385504,0.0018799916579155251,7865,0.0003,0.008713412928045727,197,1.4221003875136375,0.86,1552064,-0.3139723250642419,16960,,,
386112,0.001770549155480694,7877,0.0003,0.010887237847782671,197,1.4404677152633667,0.89,1554496,-0.3828790243715048,17024,,,
386672,0.001741858824971132,7888,0.0003,0.010487568120879587,197,1.4111602753400803,0.92,1556736,0.21918083587661386,17088,,,
387104,0.0017361893114866689,7897,0.0003,0.013008913840167224,197,1.4227036386728287,0.93,1558464,0.6406490411609411,17152,,,
387792,0.0017903536499943584,7910,0.0003,0.010789736021251883,197,1.4042745530605316,0.89,1561216,0.3514064056798816,17216,,,
388384,0.001772949421138037,7922,0.0003,0.013808598756440915,197,1.4164282381534576,0.93,1563584,-0.07075389195233583,17280,,,
389008,0.0017791623249650002,7934,0.0003,0.008509320759912953,197,1.393112137913704,0.97,1566080,0.019379968754947186,17344,,,
389616,0.001822803205868695,7946,0.0003,0.015299072561901994,197,1.3926237598061562,0.93,1568512,-0.26394840609282255,17408,,,
390192,0.0017502258269814774,7958,0.0003,0.009737665619468316,197,1.4253199473023415,0.89,1570816,-0.07279327558353543,17472,,,
390720,0.0018170531548094004,7968,0.0003,0.008904711387003772,197,1.423998937010765,0.92,1572928,-0.844329466111958,17536,,,
391264,0.0018370528268860653,7979,0.0003,0.011874944575538393,197,1.379920355975628,0.97,1575104,-0.19158347137272358,17600,,,
391824,0.0017607622576178983,7990,0.0003,0.01125869038514793,197,1.3959994316101074,0.93,1577344,-0.5336968014016747,17664,,,
392272,0.0017972467685467564,8000,0.0003,0.012046447081957012,197,1.355509601533413,0.91,1579136,0.21831847727298737,17728,,,
392768,0.0018251811925438233,8009,0.0003,0.005655613866110798,197,1.417803555727005,0.95,1581120,0.45153677742928267,17792,,,
393264,0.0018269699503434822,8019,0.0003,0.008448938417132013,197,1.3702788650989532,0.98,1583104,0.7406295808032155,17856,,,
393824,0.0017790814308682457,8030,0.0003,0.008646231231978163,197,1.3751005977392197,0.98,1585344,-0.2254929430782795,17920,,,
394320,0.0018265072503709234,8040,0.0003,0.007459584769094363,197,1.394375167787075,0.97,1587328,0.1327148899435997,17984,,,
394832,0.0018671469661057927,8050,0.0003,0.011446397824329324,197,1.3733854740858078,0.93,1589376,0.4754002941772342,18048,,,
395312,0.0018157016093027778,8059,0.0003,0.009457558888243511,197,1.3631789088249207,0.92,1591296,0.014394442550837994,18112,,,
395872,0.001830726017942652,8070,0.0003,0.010838312562555075,197,1.3822116702795029,0.96,1593536,0.23534316895529628,18176,,,
396368,0.0018554932685219683,8081,0.0003,0.0067398772516753525,197,1.3813561797142029,0.96,1595520,-0.20976001676172018,18240,,,
396912,0.0017891133757075295,8092,0.0003,0.008723074795852881,197,1.3645056411623955,0.97,1597696,0.046198190189898014,18304,,,
397440,0.0018236562391393818,8103,0.0003,0.007353276043431833,197,1.3597515150904655,0.95,1599808,0.9181767599657178,18368,,,
397984,0.0018402743444312364,8114,0.0003,0.0074868869633064605,197,1.3773519396781921,0.94,1601984,-0.015687933657318354,18432,,,
398480,0.0018517486823839135,8124,0.0003,0.008422303159022704,197,1.359432801604271,0.98,1603968,0.4426932435017079,18496,,,
399040,0.0018517156277084723,8135,0.0003,0.009504574823949952,197,1.393022134900093,0.95,1606208,-0.1930158892646432,18560,,,
399680,0.0018431815333315171,8148,0.0003,0.009944554869434796,197,1.366108976304531,0.96,1608768,0.3424014253541827,18624,,,
400272,0.0017957588352146558,8159,0.0003,0.008435151321464218,197,1.365832194685936,0.92,1611136,-0.029142873361706734,18688,,,
400832,0.0018999613530468196,8170,0.0003,0.008040286964387633,197,1.365015059709549,0.91,1613376,0.272284141741693,18752,,,
401264,0.0018787441586027853,8179,0.0003,0.010613029466185253,197,1.3658157959580421,0.94,1615104,-0.08745046984404325,18816,,,
401792,0.0019165411504218355,8190,0.0003,0.009294839735957794,197,1.3517151847481728,0.96,1617216,0.08811948355287313,18880,,,
402304,0.0018546392602729611,8199,0.0003,0.009970523402444087,197,1.3490078672766685,0.94,1619264,-0.45922941993921995,18944,,,
402992,0.0019056817618547939,8212,0.0003,0.006365731285768561,197,1.3725459203124046,0.97,1622016,0.05925260204821825,19008,,,
403616,0.0018494361720513552,8224,0.0003,0.011462245864095166,197,1.35709697753191,0.96,1624512,-0.05799642577767372,19072,,,
404208,0.0019067235916736536,8236,0.0003,0.005920327574131079,197,1.3593869432806969,0.93,1626880,-0.9423374277539551,19136,,,
404624,0.0018409962867735885,8245,0.0003,0.009850884751358535,197,1.3287271708250046,0.95,1628544,-0.23180291801691055,19200,,,
405120,0.0018473397503839806,8255,0.0003,0.008660444123961497,197,1.318332627415657,0.93,1630528,0.545766169205308,19264,,,
405760,0.0017949353568837978,8267,0.0003,0.004712690373708028,197,1.3454713448882103,0.9,1633088,0.013464391231536865,19328,,,
406304,0.0017774768712115474,8279,0.0003,0.011089912928582635,197,1.3755659759044647,0.91,1635264,-0.12943830993026495,19392,,,
406992,0.0018608281679917127,8293,0.0003,0.00889345115137985,197,1.3277270048856735,0.96,1638016,0.8609018614515662,19456,,,
407600,0.001828012740588747,8304,0.0003,0.008129247202305123,197,1.3506612554192543,0.97,1640448,0.6743154432624578,19520,,,
408080,0.0018404869333608076,8314,0.0003,0.0073063076779362746,197,1.3303846791386604,0.92,1642368,0.8171660527586937,19584,,,
408560,0.0019016132573597133,8324,0.0003,0.01176115916314302,197,1.306490607559681,0.92,1644288,0.4721454745158553,19648,,,
409008,0.0018788570232572965,8333,0.0003,0.011151782469823956,197,1.3139522895216942,0.97,1646080,-0.0010832441039383411,19712,,,
409504,0.0018752585820038803,8342,0.0003,0.006873397243907675,197,1.347684070467949,0.95,1648064,-0.6836545234546065,19776,,,
409920,0.0018702993183978833,8351,0.0003,0.008541882823919877,197,1.3095164746046066,0.94,1649728,0.17225241661071777,19840,,,
410416,0.0019121280856779777,8361,0.0003,0.014472577211563475,197,1.3159726858139038,0.96,1651712,-1.0986564829945564,19904,,,
410912,0.0019206697907065973,8371,0.0003,0.007217881102405954,197,1.3214373141527176,0.98,1653696,-0.25601376593112946,19968,,,
411456,0.0018715545011218637,8381,0.0003,0.006296774692600593,197,1.3221848532557487,0.96,1655872,0.10633446602150798,20032,,,
412080,0.0018713773097260855,8394,0.0003,0.005928306505666114,197,1.3132134228944778,0.98,1658368,0.5487474640831351,20096,,,
412656,0.001875528585514985,8406,0.0003,0.013964956226118375,197,1.3303318917751312,0.99,1660672,0.34417148400098085,20160,,,
413152,0.0018499745056033134,8416,0.0003,0.009298998214944731,197,1.3342941626906395,0.97,1662656,-0.11204684898257256,20224,,,
413680,0.0018479425853001885,8426,0.0003,0.009577532968251035,197,1.318646915256977,0.92,1664768,-0.391758406534791,20288,,,
414224,0.0018336468347115442,8437,0.0003,0.0066935449503944255,197,1.3031357675790787,0.92,1666944,-0.6348986234515905,20352,,,
414816,0.0019125932958559133,8448,0.0003,0.009152057522442192,197,1.3082742094993591,0.95,1669312,-0.1873417953029275,20416,,,
415328,0.0018645630916580558,8459,0.0003,0.009358438168419525,197,1.3043491765856743,0.95,1671360,-0.4688116041943431,20480,,,
415952,0.001888925937237218,8471,0.0003,0.00916273806069512,197,1.3295519948005676,0.96,1673856,0.8270114497281611,20544,,,
416464,0.0019394353657844476,8483,0.0003,0.006634810131799895,197,1.3000036403536797,0.94,1675904,0.47569963289424777,20608,,,
416976,0.0019110247885691933,8493,0.0003,0.005769207848061342,197,1.310841292142868,0.94,1677952,0.09270129958167672,20672,,,
417360,0.001915208100399468,8501,0.0003,0.004628513983334415,197,1.270296722650528,0.96,1679488,-0.017180937808007002,20736,,,
417888,0.0018688502168515697,8512,0.0003,0.009814830795221496,197,1.3106166049838066,0.96,1681600,-0.4408831656910479,20800,,,
418432,0.0019509019984980114,8522,0.0003,0.009003532672068104,197,1.2973463013768196,0.96,1683776,-0.08028046227991581,20864,,,
418992,0.0019124353129882365,8534,0.0003,0.006459663767600432,197,1.276507928967476,0.96,1686016,0.2618059329688549,20928,,,
419488,0.0018965456329169683,8544,0.0003,0.008904967726266477,197,1.2984855026006699,0.96,1688000,0.2586837001144886,20992,,,
419920,0.0018693380116019398,8553,0.0003,0.004035128200484905,197,1.307726964354515,0.97,1689728,-0.6488258689641953,21056,,,
420416,0.00187224883120507,8563,0.0003,0.00920416275766911,197,1.3249319568276405,0.98,1691712,0.30518618505448103,21120,,,
420832,0.0018956060230266303,8571,0.0003,0.007083039883582387,197,1.3126580119132996,0.97,1693376,-0.03932288708165288,21184,,,
421360,0.0019050057089771144,8581,0.0003,0.012856643792474642,197,1.2552043870091438,0.97,1695488,-0.10917378915473819,21248,,,
421824,0.001884223755041603,8591,0.0003,0.009106044948566705,197,1.2906560450792313,0.96,1697344,0.2645667027682066,21312,,,
422272,0.0018625783195602708,8599,0.0003,0.009758981621416751,197,1.2807192727923393,0.99,1699136,0.26585866417735815,21376,,,
422736,0.0018725123081821948,8609,0.0003,0.008740927543840371,197,1.3221232518553734,0.97,1700992,0.2996312747709453,21440,,,
423232,0.0019223361377953552,8619,0.0003,0.011470728495623916,197,1.279420554637909,0.94,1702976,-0.4213743396103382,21504,,,
423696,0.0019407388244871981,8629,0.0003,0.009898663003696129,197,1.27357067912817,0.97,1704832,0.3388086250051856,21568,,,
424256,0.001964647584827617,8640,0.0003,0.007475481390429195,197,1.301170438528061,0.94,1707072,-0.13479050155729055,21632,,,
424864,0.0019485902521410026,8652,0.0003,0.0077502418935182504,197,1.300359658896923,0.95,1709504,-0.04816614417359233,21696,,,
425408,0.0019163002070854418,8663,0.0003,0.007595825591124594,197,1.285754755139351,0.97,1711680,-0.543227021349594,21760,,,
425856,0.0018974076156155206,8672,0.0003,0.007510956973419525,197,1.2648557126522064,0.94,1713472,1.3124309135600924,21824,,,
426352,0.001937604698468931,8682,0.0003,0.006642722000833601,197,1.2646232023835182,0.93,1715456,0.028929829597473145,21888,,,
426832,0.0019518311455613002,8692,0.0003,0.004526938479102682,197,1.2813652530312538,0.93,1717376,0.3207803061231971,21952,,,
427408,0.0019309113413328305,8703,0.0003,0.010435911448439583,197,1.2953968197107315,0.92,1719680,0.27265510288998485,22016,,,
427952,0.0018954736078740098,8714,0.0003,0.006836904576630332,197,1.2531216219067574,0.98,1721856,0.5267873601987958,22080,,,
428496,0.0018767407382256351,8725,0.0003,0.008847559241985437,197,1.2815263271331787,0.98,1724032,0.250285386107862,22144,,,
429072,0.0019565727561712265,8736,0.0003,0.008803970224107616,197,1.2712233364582062,0.97,1726336,0.02864244394004345,22208,,,
429648,0.001903753902297467,8748,0.0003,0.009036588744493201,197,1.284931719303131,0.92,1728640,0.1972394841723144,22272,,,
430176,0.0018684876995394006,8758,0.0003,0.006361702282447368,197,1.2881039455533028,0.9,1730752,-0.7067199149169028,22336,,,
430688,0.0018997643783222884,8769,0.0003,0.013706174635444768,197,1.2896521091461182,0.95,1732800,0.20945637114346027,22400,,,
431168,0.0018944379917229526,8779,0.0003,0.009482262990786694,197,1.2721718102693558,0.96,1734720,-0.7207247521728277,22464,,,
431632,0.0018384741779300384,8788,0.0003,0.004956379103532527,197,1.2779461443424225,0.95,1736576,0.7299375291913748,22528,,,
432080,0.001884370831248816,8796,0.0003,0.006439043310820125,197,1.2564586028456688,0.96,1738368,0.301850235555321,22592,,,
432512,0.0019124990139971487,8805,0.0003,0.008129438399919309,197,1.2827419862151146,0.97,1740096,-0.006278427317738533,22656,,,
432992,0.0018472989540896378,8814,0.0003,0.007764315370877739,197,1.2825396209955215,0.99,1742016,0.26048137713223696,22720,,,
433376,0.0018433598961564712,8822,0.0003,0.011848832466057502,197,1.2568572014570236,0.97,1743552,-0.23545128060504794,22784,,,
433776,0.0018314404369448312,8830,0.0003,0.006267831624427345,197,1.2767453491687775,0.96,1745152,-0.5145859122276306,22848,,,
434240,0.001882923737866804,8840,0.0003,0.007208710892882664,197,1.2591651380062103,0.98,1747008,-0.09938082844018936,22912,,,
434816,0.0018962469257530756,8851,0.0003,0.006622232744120993,197,1.2538485527038574,0.99,1749312,-0.3036722717806697,22976,,,
435296,0.001893274842586834,8861,0.0003,0.008529665356036276,197,1.2664563953876495,0.98,1751232,0.13398497458547354,23040,,,
435952,0.0018271275766892359,8874,0.0003,0.009249896960682236,197,1.2735723778605461,0.98,1753856,-0.0226389248855412,23104,,,
436368,0.0018134566344087943,8882,0.0003,0.009647770435549319,197,1.258455604314804,0.98,1755520,-0.37720659375190735,23168,,,
436816,0.0018605009172460996,8891,0.0003,0.008249431746662594,197,1.2619741186499596,0.95,1757312,0.4095450099557638,23232,,,
437344,0.0019083090664935298,8901,0.0003,0.007696503700572066,197,1.2556402012705803,0.97,1759424,-0.44797779340296984,23296,,,
437808,0.001846757048042491,8911,0.0003,0.008756460541917477,197,1.2731077373027802,0.96,1761280,0.14054045174270868,23360,,,
438224,0.0018305813864571974,8919,0.0003,0.008517070207744837,197,1.2275781854987144,0.98,1762944,0.3529747109860182,23424,,,
438736,0.001797460310626775,8930,0.0003,0.008187260260456242,197,1.2643305584788322,0.96,1764992,0.2368654329329729,23488,,,
439232,0.001871433611086104,8940,0.0003,0.008951297255407553,197,1.2563752308487892,0.98,1766976,0.5056332489475608,23552,,,
439632,0.0018446031244820915,8948,0.0003,0.013626762200146914,197,1.2603352591395378,0.97,1768576,0.1258313562721014,23616,,,
440080,0.0018632772771525197,8957,0.0003,0.007415151863824576,197,1.2431780397891998,0.95,1770368,-0.5014170901849866,23680,,,
440560,0.0018314474291400984,8967,0.0003,0.007928284372610506,197,1.2466645538806915,0.95,1772288,0.06640493683516979,23744,,,
441008,0.0018392535712337121,8976,0.0003,0.008537259469449054,197,1.2533801048994064,0.98,1774080,-0.11248086672276258,23808,,,
441472,0.0018809245739248581,8986,0.0003,0.008907911775168031,197,1.2642463594675064,0.96,1775936,0.20269066002219915,23872,,,
441952,0.0018213788644061424,8995,0.0003,0.012686616108112503,197,1.2637207582592964,0.93,1777856,0.043866212479770184,23936,,,
442400,0.0018551128305261955,9004,0.0003,0.009880049474304542,197,1.2521120458841324,0.96,1779648,-0.35271122585982084,24000,,,
442928,0.001843037360231392,9015,0.0003,0.0032552538978052326,197,1.2523794397711754,0.97,1781760,0.002904134104028344,24064,,,
443392,0.0019114645838271827,9024,0.0003,0.01128255421645008,197,1.247193232178688,0.94,1783616,-0.3273110375739634,24128,,,
443904,0.0018780907776090316,9035,0.0003,0.01062620674201753,197,1.2332222312688828,0.97,1785664,-0.1541730770841241,24192,,,
444416,0.0018671275392989628,9045,0.0003,0.006905577021825593,197,1.2614258006215096,0.93,1787712,-0.36960222478955984,24256,,,
444848,0.0018383888818789274,9054,0.0003,0.00825812420953298,197,1.246207520365715,0.93,1789440,-0.0623796246945858,24320,,,
445248,0.0018058494533761404,9062,0.0003,0.005947677025687881,197,1.2430878281593323,0.97,1791040,-0.13583944318816066,24384,,,
445712,0.0018578111121314578,9071,0.0003,0.008545231736206915,197,1.2453005835413933,0.98,1792896,-0.009663918055593967,24448,,,
446176,0.0018313450127607211,9081,0.0003,0.010579386420431547,197,1.239543579518795,0.98,1794752,-0.3769624945707619,24512,,,
446688,0.0018956286294269376,9091,0.0003,0.01009944107499905,197,1.218646764755249,0.98,1796800,-0.7050059977918863,24576,,,
447120,0.0019055893935728818,9099,0.0003,0.01176945539918961,197,1.2516788989305496,0.95,1798528,-0.3006046265363693,24640,,,
447600,0.0018669218115974218,9109,0.0003,0.00829848859575577,197,1.2390132322907448,0.96,1800448,-0.709100030362606,24704,,,
448080,0.0018238487100461498,9118,0.0003,0.009285210049711168,197,1.2265437319874763,0.94,1802368,-0.04446341097354889,24768,,,
448496,0.0018234586677863263,9127,0.0003,0.009591480542439967,197,1.2170410975813866,0.98,1804032,0.289614194072783,24832,,,
448976,0.0018416436578263529,9137,0.0003,0.006645408990152646,197,1.222192920744419,0.95,1805952,0.16081947460770607,24896,,,
449440,0.001826706517022103,9146,0.0003,0.009088630999031011,197,1.232220619916916,0.98,1807808,-0.15750718768686056,24960,,,
449920,0.0018278585484949872,9155,0.0003,0.008183324935089331,197,1.2283990532159805,0.97,1809728,-0.15947505179792643,25024,,,
450416,0.001809684770705644,9165,0.0003,0.009174808379611932,197,1.2359699979424477,0.94,1811712,-0.38246770575642586,25088,,,
450816,0.0018326697245356627,9174,0.0003,0.005208590271649882,197,1.2357412949204445,0.95,1813312,0.3049273593351245,25152,,,
451312,0.0017899005906656384,9183,0.0003,0.010761922727397177,197,1.2261033654212952,0.96,1815296,0.0413565281778574,25216,,,
451696,0.0017759859620127827,9191,0.0003,0.009273324598325416,197,1.2196676582098007,0.96,1816832,-0.05084826424717903,25280,,,
452096,0.0017911248141899705,9199,0.0003,0.006135282710602041,197,1.2183504179120064,0.97,1818432,0.13518118485808372,25344,,,
452496,0.0017996055175899528,9207,0.0003,0.008568934186769184,197,1.213105469942093,0.97,1820032,0.39481259416788816,25408,,,
452896,0.001796833887055982,9215,0.0003,0.011899810895556584,197,1.1968974471092224,0.95,1821632,-0.3109525120817125,25472,,,
453312,0.001820980163756758,9224,0.0003,0.004770272149471566,197,1.218659058213234,0.99,1823296,-0.06919096782803535,25536,,,
453728,0.001846320039476268,9233,0.0003,0.008039678134082351,197,1.1910535246133804,1.0,1824960,-0.23867747839540243,25600,,,
454176,0.0018555268761701882,9242,0.0003,0.00883212130429456,197,1.2118031308054924,0.99,1826752,0.671933026984334,25664,,,
454640,0.0018202681530965492,9252,0.0003,0.008674389944644645,197,1.2221542745828629,0.98,1828608,-0.3490669084712863,25728,,,
455072,0.0018146674046874978,9260,0.0003,0.008221804491768125,197,1.2035241350531578,0.98,1830336,0.23590641096234322,25792,,,
455600,0.0018761679384624586,9270,0.0003,0.00788621242827503,197,1.1935927122831345,0.99,1832448,0.11255943309515715,25856,,,
456080,0.001848240615800023,9280,0.0003,0.010162583872443065,197,1.2085193395614624,0.96,1834368,-0.04568071290850639,25920,,,
456464,0.0018671661091502756,9287,0.0003,0.009780018401215784,197,1.2000788524746895,0.96,1835904,0.1021202988922596,25984,,,
456960,0.0018602781638037413,9297,0.0003,0.011645838560070843,197,1.2144083604216576,0.96,1837888,-0.5418246872723103,26048,,,
457488,0.0018799352983478457,9308,0.0003,0.006501428957562894,197,1.2008024752140045,0.96,1840000,0.4873347789980471,26112,,,
457936,0.001925720258441288,9317,0.0003,0.008889792145055253,197,1.1739663258194923,0.96,1841792,-0.07231652410700917,26176,,,
458384,0.0018820561599568464,9327,0.0003,0.011946605598495807,197,1.1692916825413704,0.93,1843584,0.08058374468237162,26240,,,
458832,0.0018600503099150956,9339,0.0003,0.007847536136978306,197,1.1818811148405075,0.98,1845376,0.4963862458243966,26304,,,
459280,0.0018188575195381418,9354,0.0003,0.01143961484922329,197,1.1845606938004494,0.99,1847168,-0.04466341249644756,26368,,,
459712,0.0018727172646322288,9369,0.0003,0.005853513692272827,197,1.2015577480196953,0.98,1848896,-0.46462849900126457,26432,,,
460048,0.0018825861043296754,9380,0.0003,0.004607502502040006,197,1.179081104695797,0.98,1850240,0.863312385044992,26496,,,
460448,0.0018907585181295872,9393,0.0003,0.007188095347373746,197,1.173010729253292,0.96,1851840,0.03434802498668432,26560,,,
460832,0.0018340785391046666,9406,0.0003,0.00726744816347491,197,1.1753363534808159,0.99,1853376,-0.08325689379125834,26624,,,
461280,0.0018499029247323051,9421,0.0003,0.006263272080104798,196,1.1674651205539703,0.98,1855168,-0.22206780966371298,26688,,,
461760,0.0018720574080361985,9436,0.0003,0.008189067186322063,196,1.175946682691574,1.0,1857088,-0.4683090317994356,26752,,,
462240,0.001882931414002087,9451,0.0003,0.010952247714158148,196,1.1652088090777397,0.99,1859008,-0.6525538647547364,26816,,,
462752,0.0019160902738803998,9469,0.0003,0.008716980919416528,196,1.1813476607203484,0.97,1861056,-0.4779037106782198,26880,,,
463216,0.0018283470126334578,9484,0.0003,0.005719933295040391,196,1.1693234518170357,0.95,1862912,-0.210862566716969,26944,,,
463696,0.0017929367459146306,9501,0.0003,0.006322644650936127,196,1.1825387701392174,0.94,1864832,-0.04112134873867035,27008,,,
464192,0.0018699957145145163,9517,0.0003,0.011381200158211868,196,1.156536690890789,0.96,1866816,-0.2237538117915392,27072,,,
464688,0.0018661249341676012,9530,0.0003,0.009435586296604015,196,1.1927608847618103,0.95,1868800,-0.4674919405952096,27136,,,
465088,0.0019011448384844698,9541,0.0003,0.005004266866308171,196,1.1989212781190872,0.97,1870400,-0.5697360467165709,27200,,,
465536,0.0019291553762741387,9556,0.0003,0.006556606174854096,195,1.1860482096672058,0.96,1872192,0.2998620877042413,27264,,,
466064,0.0019203276169719175,9568,0.0003,0.010841354516742285,195,1.175886519253254,0.97,1874304,0.1019295733422041,27328,,,
466528,0.0019514962696121074,9578,0.0003,0.010999229758454021,195,1.1928364038467407,0.97,1876160,0.1592201516032219,27392,,,
466880,0.001895280583994463,9585,0.0003,0.0058438710766495205,195,1.1791964694857597,0.97,1877568,-0.44176894635893404,27456,,,
467312,0.0018505469779483974,9594,0.0003,0.006224472352187149,195,1.1434724032878876,0.95,1879296,-0.4404760245233774,27520,,,
467696,0.0018441450738464482,9602,0.0003,0.007887557680078316,195,1.1788592487573624,0.99,1880832,0.5322209410369396,27584,,,
468128,0.0018767848378047347,9611,0.0003,0.005462521439767443,195,1.1694521680474281,1.0,1882560,-0.2628902425058186,27648,,,
468528,0.0018903715681517497,9618,0.0003,0.004950322698277887,195,1.1618631482124329,0.99,1884160,0.009001714177429676,27712,,,
468960,0.0019153972025378607,9626,0.0003,0.006451973968069069,195,1.1720606982707977,0.97,1885888,-0.17466943291947246,27776,,,
469472,0.001886020298115909,9637,0.0003,0.003315414724056609,195,1.1422544047236443,0.96,1887936,0.40721548814326525,27840,,,
469920,0.0018722769527812488,9646,0.0003,0.009249743859982118,195,1.1449062079191208,0.97,1889728,0.36045996751636267,27904,,,
470336,0.001868605409981683,9654,0.0003,0.007509272967581637,195,1.1679819077253342,0.96,1891392,0.41934741847217083,27968,,,
470864,0.0019464741635601968,9665,0.0003,0.008356296479178127,195,1.1489725187420845,0.99,1893504,-0.08898841682821512,28032,,,
471408,0.001907395570015069,9675,0.0003,0.006706246109388303,195,1.1541709154844284,1.0,1895680,0.6998269110918045,28096,,,
471776,0.0018814335562638007,9683,0.0003,0.006204607998370193,195,1.150817908346653,0.96,1897152,0.24619934894144535,28160,,,
472192,0.0019175543420715258,9691,0.0003,0.004547614385955967,195,1.1400668025016785,0.96,1898816,-0.1166136059910059,28224,,,
472640,0.0019300511557958089,9700,0.0003,0.010074028694361914,195,1.1560890898108482,0.96,1900608,0.07649334706366062,28288,,,
473072,0.0018758587102638558,9709,0.0003,0.008093563206784893,195,1.1704617589712143,0.97,1902336,0.3847975367680192,28352,,,
473520,0.0018994322381331585,9718,0.0003,0.008693041861988604,195,1.1688760593533516,0.98,1904128,-0.012218731455504894,28416,,,
473952,0.0018879517083405517,9726,0.0003,0.006482739438069984,195,1.130727730691433,0.96,1905856,0.11395104695111513,28480,,,
474368,0.0019132919042021967,9735,0.0003,0.011595221440074965,195,1.146922804415226,0.98,1907520,-0.12345367902889848,28544,,,
474784,0.001840097836975474,9744,0.0003,0.006453838977904525,195,1.1631873175501823,1.0,1909184,0.13929750304669142,28608,,,
475200,0.001893224529339932,9752,0.0003,0.007201381333288737,195,1.147023394703865,0.99,1910848,-0.5767901530489326,28672,,,
475680,0.0018923688403447159,9762,0.0003,0.0048788869244162925,195,1.1586039662361145,0.94,1912768,0.21202630922198296,28736,,,
476080,0.0019000533502548933,9770,0.0003,0.008228108512412291,195,1.1544049233198166,0.94,1914368,0.24797794967889786,28800,,,
476512,0.0019516857355483808,9778,0.0003,0.008481792603561189,195,1.1528163477778435,0.94,1916096,-0.5722664771601558,28864,,,
476912,0.0019396604693611152,9786,0.0003,0.014071295634494163,195,1.1652128174901009,0.97,1917696,-0.3271377021446824,28928,,,
477424,0.0019188999140169472,9796,0.0003,0.010735437557741534,195,1.1276591196656227,0.99,1919744,-0.010389307513833046,28992,,,
477888,0.0019367145214346237,9806,0.0003,0.006355557678034529,195,1.1450090110301971,0.97,1921600,-0.3557150764390826,29056,,,
478352,0.0018638974288478494,9815,0.0003,0.007996825363079552,195,1.1656963974237442,0.93,1923456,-0.06886479072272778,29120,,,
478832,0.0018067422206513584,9825,0.0003,0.01017314188356977,195,1.1252819150686264,0.97,1925376,0.3225730396807194,29184,,,
479312,0.0018894750537583604,9834,0.0003,0.006688194982416462,195,1.1264425069093704,0.96,1927296,1.2674929853528738,29248,,,
479712,0.001881613876321353,9842,0.0003,0.006118422235886101,195,1.1217869818210602,0.94,1928896,-0.25822360068559647,29312,,,
480192,0.001862127086496912,9852,0.0003,0.005791684008727316,195,1.1208651587367058,0.96,1930816,0.8954362571239471,29376,,,
480704,0.001947298260347452,9862,0.0003,0.00898357950791251,195,1.1511308029294014,0.98,1932864,-0.24964276608079672,29440,,,
481200,0.0018889623679569922,9872,0.0003,0.004776627931278199,195,1.1304512917995453,0.96,1934848,0.20389899797737598,29504,,,
481696,0.0018660030691535212,9882,0.0003,0.009521235639113002,195,1.1487185955047607,0.95,1936832,0.24125877814367414,29568,,,
482112,0.0018787886365316808,9891,0.0003,0.006181805118103512,195,1.1340996250510216,0.96,1938496,0.024667187593877316,29632,,,
482592,0.0018394909202470444,9900,0.0003,0.005613929111859761,195,1.1249778121709824,0.96,1940416,0.6021460760384798,29696,,,
483056,0.0018380475885351188,9909,0.0003,0.006947173991648015,195,1.112339437007904,0.95,1942272,0.38055850099772215,29760,,,
483472,0.0018754848060780205,9918,0.0003,0.009825381494010799,195,1.1427082493901253,0.97,1943936,-0.407830061390996,29824,,,
483856,0.0018411732016829774,9926,0.0003,0.01026153808197705,195,1.129877232015133,0.96,1945472,0.10010563768446445,29888,,,
484320,0.0018196935634477995,9935,0.0003,0.006376750330673531,195,1.11506899446249,0.99,1947328,0.09326460026204586,29952,,,
484736,0.0018273569803568535,9947,0.0003,0.00746580141276354,195,1.1297863721847534,1.0,1948992,-0.2269548662006855,30016,,,
485168,0.0018416729726595804,9956,0.0003,0.007252421295561362,195,1.1067678779363632,0.97,1950720,-0.5415826812386513,30080,,,
485632,0.0018242281003040262,9965,0.0003,0.004188239516224712,195,1.1298231407999992,0.95,1952576,0.11831459868699312,30144,,,
486096,0.0018567965671536513,9975,0.0003,0.008445218598353676,195,1.1109030358493328,0.97,1954432,-0.33579370100051165,30208,,,
486496,0.0018620850751176476,9982,0.0003,0.005080830887891352,195,1.0986439138650894,0.99,1956032,-0.037683768663555384,30272,,,
486880,0.001869938445452135,9990,0.0003,0.004347900634456892,195,1.1139175742864609,0.98,1957568,-0.13556040730327368,30336,,,
487248,0.0018280339718330652,9997,0.0003,0.007812336698407307,195,1.1255109831690788,0.98,1959040,-0.2691462002694607,30400,,,
487680,0.001855148329923395,10006,0.0003,0.006427600994356908,195,1.1119195371866226,0.99,1960768,0.6087802276015282,30464,,,
488160,0.001884944511402864,10016,0.0003,0.005442691333882976,195,1.0963291451334953,0.98,1962688,-0.613466052338481,30528,,,
488544,0.0019303885055705905,10024,0.0003,0.005659568683768157,195,1.0944410115480423,0.96,1964224,-0.17232244461774826,30592,,,
488960,0.001857120187196415,10032,0.0003,0.006261397669732105,195,1.1262383237481117,0.97,1965888,-0.11446135956794024,30656,,,
489376,0.0019251288467785344,10040,0.0003,0.00952614747802727,195,1.1162470504641533,0.99,1967552,-0.006702534854412079,30720,,,
489872,0.0019052380303037353,10050,0.0003,0.009576456912327558,195,1.1147940084338188,0.99,1969536,-0.58352564368397,30784,,,
490304,0.0018752698233583942,10059,0.0003,0.00594107619690476,195,1.1275189369916916,0.97,1971264,-0.10491299163550138,30848,,,
490816,0.0018868191837100312,10069,0.0003,0.005315531248925254,195,1.105269055813551,0.96,1973312,-0.3788685016334057,30912,,,
491216,0.001940527254191693,10078,0.0003,0.006435128620069008,195,1.1243015453219414,0.97,1974912,0.018724770285189152,30976,,,
491504,0.0018883391385315917,10084,0.0003,0.007714327963185497,195,1.1049542501568794,0.96,1976064,0.2803847324103117,31040,,,
491984,0.0019117106130579486,10094,0.0003,0.004335892896051519,195,1.0817620232701302,0.99,1977984,0.16336780972778797,31104,,,
492384,0.0019140952863381244,10102,0.0003,0.007298826560145244,195,1.104812204837799,0.99,1979584,0.42273159977048635,31168,,,
492960,0.0018786880173138343,10113,0.0003,0.005154714912350755,195,1.1184787452220917,0.97,1981888,0.5897527476772666,31232,,,
493456,0.0019285614107502624,10123,0.0003,0.0031269123137462884,195,1.0862525440752506,0.96,1983872,0.5129568176344037,31296,,,
493856,0.0018541451208875515,10131,0.0003,0.01016673915728461,195,1.1036216095089912,0.96,1985472,-0.4480332867242396,31360,,,
494320,0.0018541112440288998,10140,0.0003,0.006638642327743582,195,1.0896601527929306,0.97,1987328,0.07139181811362505,31424,,,
494800,0.001858936266216915,10150,0.0003,0.0044495742477010936,195,1.0981776267290115,0.97,1989248,-0.142250862903893,31488,,,
495216,0.0018511848320486024,10158,0.0003,0.006293710233876482,195,1.0962636545300484,0.96,1990912,0.9826769344508648,31552,,,
495696,0.0018518772776587866,10168,0.0003,0.009383867094584275,195,1.0801836475729942,0.97,1992832,0.5888963965699077,31616,,,
496080,0.001915707929583732,10176,0.0003,0.010160413978155702,195,1.0797560811042786,0.98,1994368,-0.18708312627859414,31680,,,
496448,0.0018901686489698477,10183,0.0003,0.01018785344058415,195,1.109609343111515,0.98,1995840,0.014842702075839043,31744,,,
496832,0.0019166270067216828,10191,0.0003,0.005355755514756311,195,1.0888047218322754,0.99,1997376,-0.17811357136815786,31808,,,
497232,0.0019086292304564267,10199,0.0003,0.004574815546220634,195,1.084340326488018,0.97,1998976,0.6678383201360703,31872,,,
497488,0.0019521069989423268,,0.0003,0.009141563408775255,,1.1117322891950607,,2000000,0.29140917863696814,,35.1,1.0,-5.000955437123776
497648,0.0019226028889534064,10243,0.0003,0.008866025928000454,195,1.0941115841269493,0.97,2000640,-0.5711981803178787,31936,,,
498144,0.001863222183601465,10253,0.0003,0.00641431960684713,195,1.1007507368922234,0.99,2002624,-0.36464341497048736,32000,,,
498688,0.0018553963891463354,10263,0.0003,0.005716008774470538,195,1.0880981609225273,0.97,2004800,-0.3527675769291818,32064,,,
499072,0.0018758951264317147,10271,0.0003,0.007966568067786284,195,1.0942105203866959,0.97,2006336,-0.028508686926215887,32128,,,
499472,0.001860202341049444,10279,0.0003,0.007064444231218658,195,1.094917617738247,0.96,2007936,0.2652211831882596,32192,,,
499840,0.0018260235083289444,10286,0.0003,0.007499512888898607,195,1.072644878178835,0.97,2009408,0.7671825806610286,32256,,,
500272,0.0018426151582389139,10295,0.0003,0.006750053267751355,195,1.0666256286203861,0.95,2011136,0.39735373202711344,32320,,,
500672,0.0018663844020920806,10303,0.0003,0.0043887184947379865,195,1.1104441806674004,0.95,2012736,0.03699638368561864,32384,,,
501088,0.0018598095412016846,10312,0.0003,0.006925551897438709,195,1.094127744436264,0.99,2014400,-0.5663730856031179,32448,,,
501408,0.0018597928574308753,10318,0.0003,0.005743251371313818,195,1.086429737508297,0.97,2015680,-0.2857190826907754,32512,,,
501776,0.0018510863519622944,10326,0.0003,0.007525229309976567,195,1.0696530118584633,0.98,2017152,0.2529456624761224,32576,,,
502240,0.001893323948024772,10336,0.0003,0.00822957693162607,195,1.0838443413376808,0.99,2019008,0.10493422020226717,32640,,,
502688,0.0019081469945376739,10344,0.0003,0.0075949353849864565,195,1.0803931057453156,1.0,2020800,-0.32706201635301113,32704,,,
503136,0.0018673436206881888,10354,0.0003,0.0072912325922516175,195,1.074775591492653,0.97,2022592,0.03654403239488602,32768,,,
503584,0.001901415227621328,10363,0.0003,0.009403699652466457,195,1.0870822295546532,0.98,2024384,0.034363431856036186,32832,,,
504016,0.0019203342671971768,10372,0.0003,0.006270985373703297,195,1.060436025261879,0.98,2026112,0.7038178648799658,32896,,,
504512,0.0019362476596143097,10382,0.0003,0.006297364932834171,195,1.0679269097745419,0.98,2028096,-0.20221700333058834,32960,,,
