#{"t_start": 1778454327.0962584, "env_id": "MujocoUR3PushSimpleEnv"}
r,l,t,is_success
-50.0,50,4.886308,False
-50.0,50,5.691334,False
-50.0,50,6.497828,False
-50.0,50,7.292306,False
-50.0,50,8.096138,False
-50.0,50,8.895865,False
-50.0,50,9.699861,False
-50.0,50,10.504852,False
-50.0,50,11.324145,False
-50.0,50,12.127977,False
-50.0,50,12.929795,False
-50.0,50,13.727184,False
-50.0,50,14.538161,False
-50.0,50,15.336087,False
-50.0,50,16.154185,False
-50.0,50,16.950273,False
-50.0,50,17.765285,False
-50.0,50,18.575969,False
-50.0,50,19.392877,False
-50.0,50,20.204762,False
-50.0,50,21.004935,False
-50.0,50,21.803968,False
-50.0,50,22.61214,False
-50.0,50,23.412917,False
-50.0,50,24.219501,False
-50.0,50,25.018436,False
-50.0,50,25.819819,False
-50.0,50,26.622734,False
-50.0,50,27.430116,False
-50.0,50,28.234087,False
-50.0,50,29.03365,False
-50.0,50,29.845466,False
-50.0,50,30.649221,False
-50.0,50,31.446965,False
-50.0,50,32.241807,False
-50.0,50,33.043437,False
-50.0,50,33.851712,False
-50.0,50,34.657615,False
-50.0,50,35.461984,False
-50.0,50,36.258695,False
-50.0,50,47.454384,False
-50.0,50,48.263783,False
-50.0,50,49.078166,False
-50.0,50,49.892177,False
-50.0,50,50.694639,False
-50.0,50,51.508814,False
-50.0,50,52.307842,False
-50.0,50,53.117817,False
-50.0,50,53.923029,False
-50.0,50,54.741534,False
-50.0,50,55.540326,False
-50.0,50,56.367172,False
-50.0,50,57.171038,False
-50.0,50,57.96949,False
-50.0,50,58.769655,False
-50.0,50,59.573152,False
-50.0,50,60.393742,False
-50.0,50,61.20385,False
-50.0,50,62.012528,False
-50.0,50,62.810354,False
-50.0,50,63.611295,False
-50.0,50,64.415133,False
-50.0,50,65.230133,False
-50.0,50,66.038685,False
-50.0,50,66.844559,False
-50.0,50,67.642181,False
-50.0,50,68.450771,False
-50.0,50,69.270089,False
-50.0,50,70.07792,False
-50.0,50,70.875777,False
-50.0,50,71.689918,False
-50.0,50,72.505827,False
-50.0,50,73.312466,False
-50.0,50,74.121774,False
-50.0,50,74.922843,False
-50.0,50,75.72529,False
-50.0,50,76.547817,False
-50.0,50,77.354611,False
-50.0,50,78.158055,False
-50.0,50,78.960609,False
-50.0,50,79.761406,False
-50.0,50,90.185367,False
-50.0,50,90.998124,False
-50.0,50,91.801739,False
-50.0,50,92.60461,False
-50.0,50,93.423562,False
-50.0,50,94.242965,False
-50.0,50,95.04902,False
-50.0,50,95.866447,False
-50.0,50,96.667687,False
-50.0,50,97.471923,False
-50.0,50,98.275574,False
-50.0,50,99.073987,False
-50.0,50,99.872856,False
-50.0,50,100.679687,False
-50.0,50,101.484586,False
-50.0,50,102.284329,False
-50.0,50,103.0881,False
-50.0,50,103.892767,False
-50.0,50,104.705019,False
-50.0,50,105.522252,False
-50.0,50,106.315885,False
-50.0,50,107.122052,False
-50.0,50,107.926711,False
-50.0,50,108.729001,False
-50.0,50,109.532995,False
-50.0,50,110.348477,False
-50.0,50,111.154008,False
-50.0,50,111.955097,False
-50.0,50,112.756284,False
-50.0,50,113.555342,False
-50.0,50,114.359969,False
-50.0,50,115.165504,False
-50.0,50,115.976423,False
-50.0,50,116.793439,False
-50.0,50,117.594054,False
-50.0,50,118.40834,False
-50.0,50,119.225598,False
-50.0,50,120.02888,False
-50.0,50,120.826956,False
-50.0,50,121.627098,False
-50.0,50,122.454572,False
-50.0,50,133.826517,False
-50.0,50,134.634892,False
-50.0,50,135.440897,False
-50.0,50,136.240047,False
-50.0,50,137.055625,False
-50.0,50,137.85552,False
-50.0,50,138.662678,False
-50.0,50,139.464615,False
-50.0,50,140.269886,False
-50.0,50,141.076425,False
-50.0,50,141.877324,False
-50.0,50,142.67504,False
-50.0,50,143.480489,False
-50.0,50,144.279286,False
-50.0,50,145.07597,False
-50.0,50,145.881881,False
-50.0,50,146.709657,False
-50.0,50,147.526383,False
-50.0,50,148.343754,False
-50.0,50,149.166076,False
-50.0,50,149.970698,False
-50.0,50,150.825786,False
-50.0,50,151.638676,False
-50.0,50,152.443849,False
-50.0,50,153.254703,False
-50.0,50,154.045043,False
-50.0,50,154.843962,False
-50.0,50,155.64763,False
-50.0,50,156.452345,False
-50.0,50,157.263643,False
-50.0,50,158.068462,False
-50.0,50,158.869312,False
-50.0,50,159.670425,False
-50.0,50,160.493273,False
-50.0,50,161.300055,False
-50.0,50,162.106258,False
-50.0,50,162.90783,False
-50.0,50,163.704782,False
-50.0,50,164.511811,False
-50.0,50,165.311295,False
-50.0,50,166.11413,False
-50.0,50,177.349619,False
-50.0,50,178.156143,False
-50.0,50,178.961698,False
-50.0,50,179.764231,False
-50.0,50,180.57795,False
-50.0,50,181.380454,False
-50.0,50,182.179954,False
-50.0,50,182.98855,False
-50.0,50,183.784425,False
-50.0,50,184.586913,False
-50.0,50,185.390307,False
-50.0,50,186.189997,False
-50.0,50,186.991708,False
-50.0,50,187.808493,False
-50.0,50,188.618169,False
-50.0,50,189.423761,False
-50.0,50,190.231871,False
-50.0,50,191.043913,False
-50.0,50,191.887187,False
-50.0,50,192.701148,False
-50.0,50,193.529372,False
-50.0,50,194.351726,False
-50.0,50,195.152038,False
-50.0,50,196.007886,False
-50.0,50,196.819222,False
-50.0,50,197.63899,False
-50.0,50,198.444068,False
-50.0,50,199.257241,False
-50.0,50,200.061052,False
-50.0,50,200.872112,False
-50.0,50,201.676326,False
-50.0,50,202.472098,False
-50.0,50,203.293304,False
-50.0,50,204.100967,False
-50.0,50,204.913234,False
-50.0,50,205.719765,False
-50.0,50,206.523738,False
-50.0,50,207.321836,False
-50.0,50,208.132081,False
-50.0,50,208.935664,False
-50.0,50,209.736995,False
-50.0,50,221.013788,False
-50.0,50,221.827176,False
-50.0,50,222.630297,False
-50.0,50,223.443319,False
-50.0,50,224.250725,False
-50.0,50,225.067786,False
-50.0,50,225.877462,False
-50.0,50,226.680453,False
-50.0,50,227.472873,False
-50.0,50,228.280279,False
-50.0,50,229.091467,False
-50.0,50,229.890279,False
-50.0,50,230.697677,False
-50.0,50,231.498633,False
-50.0,50,232.298892,False
-50.0,50,233.098711,False
-50.0,50,233.908863,False
-50.0,50,234.724385,False
-50.0,50,235.525953,False
-50.0,50,236.360246,False
-50.0,50,237.178027,False
-50.0,50,237.981999,False
-50.0,50,238.791012,False
-50.0,50,239.592714,False
-50.0,50,240.403515,False
-50.0,50,241.207561,False
-50.0,50,242.034847,False
-50.0,50,242.836643,False
-50.0,50,243.635765,False
-50.0,50,244.441957,False
-50.0,50,245.2445,False
-50.0,50,246.044647,False
-50.0,50,246.886537,False
-50.0,50,247.698168,False
-50.0,50,248.505974,False
-50.0,50,249.317467,False
-50.0,50,250.117341,False
-50.0,50,250.924724,False
-50.0,50,251.733194,False
-50.0,50,252.577201,False
-50.0,50,253.379429,False
-50.0,50,264.459634,False
-50.0,50,265.256952,False
-50.0,50,266.063072,False
-50.0,50,266.869538,False
-50.0,50,267.685449,False
-50.0,50,305.662963,False
-50.0,50,306.474039,False
-50.0,50,307.276429,False
-50.0,50,308.068075,False
-50.0,50,308.863742,False
-50.0,50,309.672511,False
-50.0,50,310.471654,False
-50.0,50,311.279883,False
-50.0,50,312.080115,False
-50.0,50,312.882344,False
-50.0,50,313.676889,False
-50.0,50,314.498484,False
-50.0,50,315.296054,False
-50.0,50,316.102589,False
-50.0,50,316.902455,False
-50.0,50,317.705754,False
-50.0,50,318.502913,False
-50.0,50,319.293061,False
-50.0,50,320.10044,False
-50.0,50,320.890153,False
-50.0,50,321.685306,False
-50.0,50,322.483394,False
-50.0,50,323.278476,False
-50.0,50,324.065502,False
-50.0,50,324.859837,False
-50.0,50,325.653407,False
-50.0,50,326.448562,False
-50.0,50,327.252875,False
-50.0,50,328.046617,False
-50.0,50,328.83647,False
-50.0,50,329.616339,False
-50.0,50,330.411572,False
-50.0,50,331.211964,False
-50.0,50,332.012595,False
-50.0,50,332.80967,False
-50.0,50,333.617185,False
-50.0,50,345.00275,False
-50.0,50,345.804074,False
-50.0,50,346.60399,False
-50.0,50,347.390269,False
-50.0,50,348.206928,False
-50.0,50,349.016218,False
-50.0,50,349.817804,False
-50.0,50,350.624589,False
-50.0,50,351.422632,False
-50.0,50,352.225164,False
-50.0,50,353.017773,False
-50.0,50,353.816213,False
-50.0,50,354.612256,False
-50.0,50,355.40756,False
-50.0,50,356.210139,False
-50.0,50,357.010815,False
-50.0,50,357.813138,False
-50.0,50,358.600739,False
-50.0,50,359.410666,False
-50.0,50,360.19573,False
-50.0,50,361.006308,False
-50.0,50,361.807045,False
-50.0,50,362.599332,False
-50.0,50,363.38817,False
-31.0,50,364.190802,False
-50.0,50,364.985626,False
-50.0,50,365.773382,False
-50.0,50,366.583048,False
-50.0,50,367.379696,False
-50.0,50,368.191101,False
-50.0,50,368.988771,False
-50.0,50,369.781968,False
-50.0,50,370.57582,False
-50.0,50,371.380411,False
-50.0,50,372.185459,False
-50.0,50,372.979456,False
-50.0,50,373.778877,False
-50.0,50,374.597748,False
-50.0,50,375.398349,False
-50.0,50,376.187402,False
-50.0,50,376.988435,False
-50.0,50,388.178138,False
-50.0,50,388.968511,False
-50.0,50,389.762008,False
-50.0,50,390.568847,False
-50.0,50,391.379486,False
-50.0,50,392.193709,False
-50.0,50,393.019671,False
-50.0,50,393.835598,False
-50.0,50,394.644013,False
-50.0,50,395.466368,False
-50.0,50,396.293274,False
-50.0,50,397.096214,False
-50.0,50,397.896217,False
-50.0,50,398.690186,False
-50.0,50,399.486398,False
-50.0,50,400.285776,False
-50.0,50,401.07713,False
-50.0,50,401.881645,False
-50.0,50,402.687537,False
-50.0,50,403.500318,False
-50.0,50,404.315656,False
-50.0,50,405.118289,False
-50.0,50,405.91889,False
-50.0,50,406.711629,False
-50.0,50,407.533648,False
-50.0,50,408.328883,False
-50.0,50,409.121556,False
-50.0,50,409.920992,False
-50.0,50,410.718596,False
-50.0,50,411.510526,False
-50.0,50,412.308579,False
-50.0,50,413.114876,False
-50.0,50,413.914968,False
-50.0,50,414.706446,False
-50.0,50,415.502533,False
-50.0,50,416.302516,False
-50.0,50,417.100199,False
-50.0,50,417.902117,False
-50.0,50,418.702965,False
-50.0,50,419.500334,False
-50.0,50,420.29091,False
-50.0,50,431.526473,False
-50.0,50,432.326297,False
-50.0,50,433.121378,False
-50.0,50,433.911027,False
-50.0,50,434.71,False
-46.0,50,435.511128,False
-50.0,50,436.305611,False
-50.0,50,437.116255,False
-50.0,50,437.916551,False
-50.0,50,438.718128,False
-50.0,50,439.521285,False
-50.0,50,440.32289,False
-50.0,50,441.121986,False
-50.0,50,441.924103,False
-50.0,50,442.72708,False
-50.0,50,443.525519,False
-50.0,50,444.318969,False
-50.0,50,445.112309,False
-50.0,50,445.915192,False
-50.0,50,446.715005,False
-50.0,50,447.525073,False
-50.0,50,448.317545,False
-50.0,50,449.113053,False
-50.0,50,449.912405,False
-2.0,50,450.699892,True
-50.0,50,451.507003,False
-50.0,50,452.301734,False
-50.0,50,453.102484,False
-50.0,50,453.898462,False
-50.0,50,454.693025,False
-50.0,50,455.489977,False
-50.0,50,456.281839,False
-50.0,50,457.070696,False
-50.0,50,457.859538,False
-50.0,50,458.645561,False
-50.0,50,459.441157,False
-50.0,50,460.244118,False
-50.0,50,461.033163,False
-50.0,50,461.830224,False
-50.0,50,462.635533,False
-50.0,50,463.437221,False
-50.0,50,475.010756,False
-50.0,50,475.803432,False
-50.0,50,476.604755,False
-50.0,50,477.394955,False
-50.0,50,478.202646,False
-50.0,50,478.994851,False
-50.0,50,479.792378,False
-50.0,50,480.587951,False
-50.0,50,481.385435,False
-50.0,50,482.18517,False
-50.0,50,482.993753,False
-50.0,50,483.797547,False
-50.0,50,484.6073,False
-50.0,50,485.408026,False
-50.0,50,486.21566,False
-50.0,50,487.00948,False
-50.0,50,487.804823,False
-50.0,50,488.603156,False
-50.0,50,489.413144,False
-50.0,50,490.211273,False
-50.0,50,491.007804,False
-50.0,50,491.819059,False
-50.0,50,492.611431,False
-50.0,50,493.417717,False
-50.0,50,494.22274,False
-50.0,50,495.026971,False
-50.0,50,495.824939,False
-50.0,50,496.626974,False
-50.0,50,497.429427,False
-50.0,50,498.230457,False
-50.0,50,499.030071,False
-50.0,50,499.824559,False
-50.0,50,500.623448,False
-50.0,50,501.421422,False
-50.0,50,502.21514,False
-50.0,50,503.016494,False
-50.0,50,503.807218,False
-50.0,50,504.604867,False
-50.0,50,505.414922,False
-50.0,50,506.203379,False
-50.0,50,507.00203,False
-50.0,50,517.887876,False
-50.0,50,518.685952,False
-50.0,50,519.479462,False
-50.0,50,520.279099,False
-50.0,50,521.078622,False
-50.0,50,521.875929,False
-50.0,50,522.679558,False
-50.0,50,523.477277,False
-50.0,50,524.279595,False
-50.0,50,525.078411,False
-50.0,50,525.885176,False
-50.0,50,526.674722,False
-50.0,50,527.476716,False
-50.0,50,528.266129,False
-50.0,50,529.069939,False
-50.0,50,529.865683,False
-50.0,50,530.657799,False
-50.0,50,531.455358,False
-50.0,50,532.254273,False
-50.0,50,533.059148,False
-50.0,50,533.851273,False
-50.0,50,534.649022,False
-50.0,50,535.444717,False
-50.0,50,536.234609,False
-50.0,50,537.035873,False
-50.0,50,537.824639,False
-50.0,50,538.626687,False
-50.0,50,539.426165,False
-50.0,50,540.218871,False
-50.0,50,541.014552,False
-50.0,50,541.81643,False
-50.0,50,542.613283,False
-50.0,50,543.41133,False
-50.0,50,544.207032,False
-50.0,50,545.005786,False
-50.0,50,545.802789,False
-50.0,50,546.631685,False
-50.0,50,547.437582,False
-50.0,50,548.256985,False
-50.0,50,549.053893,False
-50.0,50,549.844719,False
-50.0,50,560.665581,False
-50.0,50,561.462254,False
-50.0,50,562.263493,False
-50.0,50,563.056603,False
-50.0,50,563.850321,False
-50.0,50,564.65958,False
-50.0,50,565.454873,False
-50.0,50,566.255314,False
-50.0,50,567.070557,False
-50.0,50,604.310386,False
-50.0,50,605.11552,False
-50.0,50,605.919784,False
-50.0,50,606.728337,False
-50.0,50,607.53112,False
-50.0,50,608.332093,False
-50.0,50,609.125307,False
-50.0,50,609.926465,False
-50.0,50,610.718862,False
-50.0,50,611.514882,False
-50.0,50,612.306078,False
-50.0,50,613.105485,False
-50.0,50,613.899808,False
-50.0,50,614.693601,False
-50.0,50,615.497546,False
-50.0,50,616.289047,False
-50.0,50,617.07568,False
-50.0,50,617.873317,False
-50.0,50,618.66503,False
-50.0,50,619.462062,False
-50.0,50,620.251642,False
-50.0,50,621.053717,False
-50.0,50,621.856455,False
-50.0,50,622.65355,False
-50.0,50,623.452855,False
-50.0,50,624.249922,False
-50.0,50,625.045772,False
-50.0,50,625.846081,False
-50.0,50,626.643721,False
-50.0,50,627.467536,False
-50.0,50,628.25985,False
-50.0,50,629.063269,False
-50.0,50,640.166238,False
-50.0,50,640.963551,False
-50.0,50,641.757221,False
-50.0,50,642.553703,False
-50.0,50,643.351723,False
-50.0,50,644.153996,False
-50.0,50,644.959033,False
-50.0,50,645.761343,False
-50.0,50,646.555959,False
-50.0,50,647.348956,False
-50.0,50,648.153278,False
-50.0,50,648.966589,False
-50.0,50,649.760816,False
-50.0,50,650.570139,False
-50.0,50,651.361374,False
-50.0,50,652.160598,False
-50.0,50,652.959718,False
-50.0,50,653.763752,False
-50.0,50,654.556273,False
-50.0,50,655.36237,False
-50.0,50,656.155373,False
-50.0,50,656.955758,False
-50.0,50,657.754248,False
-50.0,50,658.555271,False
-50.0,50,659.343565,False
-50.0,50,660.142326,False
-50.0,50,660.931845,False
-50.0,50,661.735359,False
-50.0,50,662.543424,False
-50.0,50,663.341497,False
-50.0,50,664.137885,False
-50.0,50,664.938138,False
-50.0,50,665.735188,False
-50.0,50,666.534281,False
-50.0,50,667.328088,False
-50.0,50,668.128336,False
-50.0,50,668.920001,False
-50.0,50,669.722717,False
-50.0,50,670.523214,False
-50.0,50,671.325176,False
-50.0,50,672.125898,False
-50.0,50,683.920827,False
-50.0,50,684.714033,False
-50.0,50,685.514692,False
-50.0,50,686.321553,False
-50.0,50,687.127526,False
-50.0,50,687.935971,False
-50.0,50,688.736481,False
-50.0,50,689.537989,False
-50.0,50,690.335738,False
-50.0,50,691.135161,False
-50.0,50,691.933956,False
-50.0,50,692.742646,False
-50.0,50,693.543969,False
-50.0,50,694.337602,False
-50.0,50,695.135248,False
-50.0,50,695.929855,False
-50.0,50,696.72272,False
-50.0,50,697.519722,False
-50.0,50,698.320338,False
-50.0,50,699.114416,False
-50.0,50,699.906883,False
-50.0,50,700.70909,False
-50.0,50,701.504074,False
-50.0,50,702.298522,False
-50.0,50,703.093566,False
-50.0,50,703.896745,False
-50.0,50,704.696208,False
-50.0,50,705.491637,False
-50.0,50,706.300432,False
-50.0,50,707.104753,False
-50.0,50,707.898354,False
-50.0,50,708.696889,False
-50.0,50,709.49806,False
-50.0,50,710.299057,False
-50.0,50,711.106044,False
-50.0,50,711.905742,False
-50.0,50,712.702356,False
-50.0,50,713.489968,False
-50.0,50,714.291717,False
-50.0,50,715.090708,False
-50.0,50,715.889789,False
-50.0,50,727.184489,False
-50.0,50,727.981302,False
-50.0,50,728.773357,False
-50.0,50,729.576836,False
-50.0,50,730.38038,False
-50.0,50,731.183994,False
-50.0,50,731.98408,False
-50.0,50,732.78314,False
-50.0,50,733.574924,False
-50.0,50,734.372124,False
-50.0,50,735.178235,False
-50.0,50,735.974805,False
-50.0,50,736.772298,False
-50.0,50,737.578046,False
-50.0,50,738.379333,False
0.0,50,739.165959,True
-50.0,50,739.958743,False
-50.0,50,740.766196,False
-50.0,50,741.565172,False
-50.0,50,742.372405,False
-50.0,50,743.172748,False
-50.0,50,743.973137,False
-50.0,50,744.781932,False
-50.0,50,745.593949,False
-50.0,50,746.407542,False
-50.0,50,747.23881,False
-50.0,50,748.036743,False
-50.0,50,748.859005,False
-50.0,50,749.688692,False
-50.0,50,750.47929,False
-50.0,50,751.27981,False
-50.0,50,752.073913,False
-50.0,50,752.868481,False
-50.0,50,753.667285,False
-50.0,50,754.474763,False
-50.0,50,755.271877,False
-50.0,50,756.066375,False
-50.0,50,756.868594,False
-50.0,50,757.677659,False
-50.0,50,758.481945,False
-50.0,50,759.279541,False
-50.0,50,770.549347,False
-50.0,50,771.341043,False
-50.0,50,772.13647,False
-50.0,50,772.936472,False
-50.0,50,773.739555,False
-50.0,50,774.56373,False
-50.0,50,775.361995,False
-50.0,50,776.160058,False
-50.0,50,776.957806,False
-50.0,50,777.760737,False
-50.0,50,778.559675,False
-50.0,50,779.371288,False
-50.0,50,780.156476,False
-50.0,50,780.956584,False
-50.0,50,781.757012,False
-50.0,50,782.5552,False
-50.0,50,783.354091,False
-50.0,50,784.150468,False
-50.0,50,784.938663,False
-50.0,50,785.72796,False
-50.0,50,786.528281,False
-50.0,50,787.336969,False
-50.0,50,788.140031,False
-50.0,50,788.944807,False
-50.0,50,789.743097,False
-50.0,50,790.539327,False
-50.0,50,791.347006,False
-50.0,50,792.139355,False
-50.0,50,792.943049,False
-50.0,50,793.739638,False
-50.0,50,794.550516,False
-50.0,50,795.356024,False
-50.0,50,796.154159,False
-50.0,50,796.967249,False
-50.0,50,797.781661,False
-50.0,50,798.596734,False
-50.0,50,799.409433,False
-50.0,50,800.208836,False
-50.0,50,801.039293,False
-50.0,50,801.849723,False
-50.0,50,802.651062,False
-50.0,50,813.970525,False
-50.0,50,814.772455,False
-50.0,50,815.571819,False
-50.0,50,816.36224,False
-50.0,50,817.152616,False
-50.0,50,817.941936,False
-50.0,50,818.737343,False
-50.0,50,819.527377,False
-50.0,50,820.321362,False
-50.0,50,821.118615,False
-50.0,50,821.898179,False
-50.0,50,822.698939,False
-50.0,50,823.484409,False
-50.0,50,824.285736,False
-50.0,50,825.083263,False
-50.0,50,825.888994,False
-50.0,50,826.68766,False
-50.0,50,827.499474,False
-50.0,50,828.296653,False
-50.0,50,829.088517,False
-50.0,50,829.886707,False
-50.0,50,830.697927,False
-50.0,50,831.495832,False
-50.0,50,832.291238,False
-50.0,50,833.088545,False
-50.0,50,833.893693,False
-50.0,50,834.697411,False
-50.0,50,835.491475,False
-50.0,50,836.294922,False
-50.0,50,837.09381,False
-50.0,50,837.90771,False
-50.0,50,838.710359,False
-50.0,50,839.531108,False
-50.0,50,840.315438,False
-50.0,50,841.121105,False
-50.0,50,841.929155,False
-50.0,50,842.762701,False
-50.0,50,843.564685,False
-50.0,50,844.36309,False
-50.0,50,845.151738,False
-50.0,50,845.9447,False
-50.0,50,857.278359,False
-50.0,50,858.080317,False
-50.0,50,858.883566,False
-50.0,50,859.673754,False
-50.0,50,860.475901,False
-50.0,50,861.270711,False
-50.0,50,862.068506,False
-50.0,50,862.862481,False
-50.0,50,863.657081,False
-50.0,50,864.457886,False
-50.0,50,865.253363,False
-50.0,50,866.046084,False
-50.0,50,866.843066,False
-50.0,50,904.474106,False
-50.0,50,905.283928,False
-50.0,50,906.077597,False
-50.0,50,906.891077,False
-50.0,50,907.707732,False
-50.0,50,908.497822,False
-50.0,50,909.285691,False
-50.0,50,910.081999,False
-50.0,50,910.877956,False
-50.0,50,911.679204,False
-50.0,50,912.481644,False
-50.0,50,913.277844,False
-50.0,50,914.067463,False
-50.0,50,914.873172,False
-50.0,50,915.663829,False
-50.0,50,916.470846,False
-50.0,50,917.26606,False
-50.0,50,918.06939,False
-50.0,50,918.866001,False
-50.0,50,919.658707,False
-50.0,50,920.465524,False
-50.0,50,921.261832,False
-50.0,50,922.064349,False
-50.0,50,922.855285,False
-50.0,50,923.647748,False
-50.0,50,924.44222,False
-50.0,50,925.2296,False
-50.0,50,926.023331,False
-50.0,50,937.779012,False
-50.0,50,938.586953,False
-50.0,50,939.390663,False
-50.0,50,940.179125,False
-50.0,50,940.965412,False
-50.0,50,941.762246,False
-50.0,50,942.554071,False
-50.0,50,943.362118,False
-50.0,50,944.161175,False
-50.0,50,944.954147,False
-50.0,50,945.758695,False
-50.0,50,946.547647,False
-50.0,50,947.348423,False
-50.0,50,948.165396,False
-50.0,50,948.967195,False
-50.0,50,949.760324,False
-50.0,50,950.556734,False
-50.0,50,951.350432,False
-50.0,50,952.145891,False
-50.0,50,952.942183,False
-50.0,50,953.747465,False
-50.0,50,954.538032,False
-50.0,50,955.337169,False
-50.0,50,956.140837,False
-50.0,50,956.950534,False
-50.0,50,957.748469,False
-50.0,50,958.543472,False
-50.0,50,959.343813,False
-50.0,50,960.154718,False
-50.0,50,960.952563,False
-50.0,50,961.759261,False
-50.0,50,962.548892,False
-50.0,50,963.335894,False
-50.0,50,964.130216,False
-50.0,50,964.929023,False
-50.0,50,965.734998,False
-50.0,50,966.536921,False
-50.0,50,967.341939,False
-50.0,50,968.137904,False
-50.0,50,968.934938,False
-50.0,50,969.731561,False
-50.0,50,981.163455,False
-50.0,50,981.965034,False
-50.0,50,982.755171,False
-50.0,50,983.554854,False
-50.0,50,984.348552,False
-50.0,50,985.164785,False
-50.0,50,985.958484,False
-50.0,50,986.753124,False
-50.0,50,987.548056,False
-50.0,50,988.340648,False
-50.0,50,989.129865,False
-50.0,50,989.925627,False
-50.0,50,990.713606,False
-50.0,50,991.512273,False
-50.0,50,992.312731,False
-50.0,50,993.106933,False
-50.0,50,993.936561,False
-50.0,50,994.749714,False
-50.0,50,995.56745,False
-50.0,50,996.375796,False
-50.0,50,997.168147,False
-50.0,50,997.984751,False
-50.0,50,998.793907,False
-50.0,50,999.600414,False
-50.0,50,1000.40212,False
-50.0,50,1001.209336,False
-50.0,50,1002.01389,False
-50.0,50,1002.818985,False
-50.0,50,1003.610872,False
-50.0,50,1004.405166,False
-50.0,50,1005.214406,False
-50.0,50,1006.021551,False
-50.0,50,1006.814429,False
-50.0,50,1007.620289,False
-50.0,50,1008.41981,False
-50.0,50,1009.221026,False
-50.0,50,1010.028511,False
-50.0,50,1010.827459,False
-50.0,50,1011.62379,False
-50.0,50,1012.417029,False
-50.0,50,1013.212184,False
-50.0,50,1024.972859,False
-50.0,50,1025.773355,False
-50.0,50,1026.566384,False
-50.0,50,1027.363861,False
-50.0,50,1028.151262,False
-50.0,50,1028.954768,False
-50.0,50,1029.754212,False
-50.0,50,1030.542221,False
-50.0,50,1031.344,False
-50.0,50,1032.140324,False
-50.0,50,1032.944709,False
-50.0,50,1033.749898,False
-50.0,50,1034.56128,False
-50.0,50,1035.352959,False
-50.0,50,1036.153518,False
-50.0,50,1036.944615,False
-50.0,50,1037.741869,False
-50.0,50,1038.556108,False
-50.0,50,1039.360725,False
-50.0,50,1040.170572,False
-50.0,50,1040.979956,False
-50.0,50,1041.785806,False
-50.0,50,1042.591978,False
-50.0,50,1043.412036,False
-50.0,50,1044.20181,False
-50.0,50,1045.002181,False
-50.0,50,1045.805189,False
-50.0,50,1046.599187,False
-50.0,50,1047.404128,False
-50.0,50,1048.203203,False
-50.0,50,1049.007914,False
-50.0,50,1049.80272,False
-50.0,50,1050.591663,False
-50.0,50,1051.393905,False
-50.0,50,1052.183016,False
-50.0,50,1052.970413,False
-50.0,50,1053.765951,False
-50.0,50,1054.56034,False
-50.0,50,1055.355062,False
-50.0,50,1056.16071,False
-50.0,50,1056.96317,False
-50.0,50,1068.290765,False
-50.0,50,1069.090907,False
-50.0,50,1069.890904,False
-50.0,50,1070.679628,False
-50.0,50,1071.47226,False
-50.0,50,1072.270265,False
-50.0,50,1073.064457,False
-50.0,50,1073.862469,False
-50.0,50,1074.653116,False
-50.0,50,1075.446565,False
-50.0,50,1076.240345,False
-50.0,50,1077.03426,False
-50.0,50,1077.823995,False
-50.0,50,1078.626716,False
-50.0,50,1079.416321,False
-50.0,50,1080.214801,False
-50.0,50,1081.003723,False
-50.0,50,1081.804515,False
-50.0,50,1082.599771,False
-50.0,50,1083.393112,False
-50.0,50,1084.205223,False
-50.0,50,1084.993707,False
-50.0,50,1085.809283,False
-50.0,50,1086.597765,False
-50.0,50,1087.390827,False
-50.0,50,1088.181569,False
-50.0,50,1088.976055,False
-50.0,50,1089.773435,False
-50.0,50,1090.572119,False
-50.0,50,1091.368659,False
-50.0,50,1092.176332,False
-50.0,50,1092.978348,False
-50.0,50,1093.779964,False
-50.0,50,1094.581886,False
-50.0,50,1095.377425,False
-50.0,50,1096.164652,False
-50.0,50,1096.966336,False
-50.0,50,1097.770821,False
-50.0,50,1098.568673,False
-50.0,50,1099.361452,False
-50.0,50,1100.154728,False
-50.0,50,1111.844551,False
-50.0,50,1112.642461,False
-50.0,50,1113.458155,False
-50.0,50,1114.278252,False
-50.0,50,1115.101125,False
-50.0,50,1115.919651,False
-1.0,50,1116.729948,True
-50.0,50,1117.56198,False
-50.0,50,1118.394931,False
-50.0,50,1119.197562,False
-50.0,50,1120.004712,False
-50.0,50,1120.797584,False
-50.0,50,1121.600032,False
-50.0,50,1122.397823,False
-50.0,50,1123.190648,False
-50.0,50,1123.986566,False
-50.0,50,1124.778136,False
-50.0,50,1125.571743,False
-50.0,50,1126.809538,False
-50.0,50,1127.939587,False
-50.0,50,1128.830301,False
-50.0,50,1129.679946,False
-50.0,50,1130.502462,False
-50.0,50,1131.315369,False
-50.0,50,1132.134061,False
-50.0,50,1132.934933,False
-50.0,50,1133.736765,False
-50.0,50,1134.542034,False
-50.0,50,1135.346836,False
-50.0,50,1136.15953,False
-50.0,50,1136.978284,False
-50.0,50,1137.798602,False
-50.0,50,1138.636787,False
-50.0,50,1139.441835,False
-50.0,50,1140.259768,False
-50.0,50,1141.053422,False
-50.0,50,1141.85671,False
-50.0,50,1142.660336,False
-50.0,50,1143.471824,False
-50.0,50,1144.280202,False
-50.0,50,1145.08748,False
-50.0,50,1155.993846,False
-50.0,50,1156.796498,False
-50.0,50,1157.593548,False
-50.0,50,1158.415287,False
-50.0,50,1159.212059,False
-50.0,50,1160.025351,False
-50.0,50,1160.831595,False
-50.0,50,1161.631859,False
-50.0,50,1162.454867,False
-50.0,50,1163.262834,False
-50.0,50,1164.062299,False
-50.0,50,1164.857697,False
-50.0,50,1165.662181,False
-50.0,50,1166.464262,False
-50.0,50,1167.271492,False
-50.0,50,1168.085985,False
-50.0,50,1168.885887,False
-50.0,50,1206.410498,False
-50.0,50,1207.229317,False
-50.0,50,1208.027066,False
-50.0,50,1208.829279,False
-50.0,50,1209.638856,False
-50.0,50,1210.441795,False
-50.0,50,1211.249999,False
-50.0,50,1212.069809,False
-50.0,50,1212.8739,False
-50.0,50,1213.676895,False
-50.0,50,1214.486323,False
-50.0,50,1215.294849,False
-50.0,50,1216.105006,False
-50.0,50,1216.908824,False
-50.0,50,1217.73378,False
-50.0,50,1218.53383,False
-50.0,50,1219.332858,False
-50.0,50,1220.141856,False
-50.0,50,1220.947417,False
-50.0,50,1221.752686,False
-50.0,50,1222.554122,False
-50.0,50,1223.363382,False
-50.0,50,1224.164387,False
-50.0,50,1224.963683,False
-50.0,50,1235.778403,False
-50.0,50,1236.606733,False
-50.0,50,1237.457431,False
-50.0,50,1238.256123,False
-50.0,50,1239.056,False
-50.0,50,1239.856962,False
-50.0,50,1240.659444,False
-50.0,50,1241.471878,False
-50.0,50,1242.269295,False
-50.0,50,1243.079837,False
-50.0,50,1243.913563,False
-50.0,50,1244.814373,False
-50.0,50,1245.904731,False
-50.0,50,1246.798104,False
-50.0,50,1247.646307,False
-50.0,50,1248.489645,False
-50.0,50,1249.310152,False
-50.0,50,1250.135664,False
-50.0,50,1250.958906,False
-50.0,50,1251.771646,False
-50.0,50,1252.571387,False
-50.0,50,1253.381315,False
-50.0,50,1254.174632,False
-50.0,50,1254.971202,False
-50.0,50,1255.768646,False
-50.0,50,1256.573484,False
-50.0,50,1257.376736,False
-50.0,50,1258.174441,False
-50.0,50,1258.989846,False
-50.0,50,1259.793718,False
-50.0,50,1260.588356,False
-50.0,50,1261.383202,False
-50.0,50,1262.190005,False
-50.0,50,1262.998812,False
-50.0,50,1263.795548,False
-50.0,50,1264.60025,False
-50.0,50,1265.417329,False
-50.0,50,1266.219803,False
-50.0,50,1267.015835,False
-50.0,50,1267.813686,False
-50.0,50,1279.806955,False
-50.0,50,1280.611845,False
-50.0,50,1281.419495,False
-50.0,50,1282.221895,False
-50.0,50,1283.033222,False
-50.0,50,1283.841481,False
-50.0,50,1284.645521,False
-50.0,50,1285.449788,False
-50.0,50,1286.248461,False
-50.0,50,1287.041481,False
-50.0,50,1287.849489,False
-50.0,50,1288.656679,False
-50.0,50,1289.460625,False
-50.0,50,1290.254829,False
-50.0,50,1291.057356,False
-50.0,50,1291.870889,False
-50.0,50,1292.667599,False
-50.0,50,1293.462474,False
-50.0,50,1294.27919,False
-50.0,50,1295.072274,False
-50.0,50,1295.87735,False
-50.0,50,1296.674078,False
-50.0,50,1297.475953,False
-50.0,50,1298.275805,False
-50.0,50,1299.081997,False
-50.0,50,1299.888166,False
-50.0,50,1300.683629,False
-50.0,50,1301.487195,False
-50.0,50,1302.294985,False
-50.0,50,1303.101013,False
-50.0,50,1303.906382,False
-50.0,50,1304.706996,False
-50.0,50,1305.516275,False
-50.0,50,1306.316083,False
-50.0,50,1307.12418,False
-50.0,50,1307.92716,False
-50.0,50,1308.744629,False
-50.0,50,1309.55584,False
-50.0,50,1310.349691,False
-50.0,50,1311.149875,False
-50.0,50,1311.951643,False
-50.0,50,1324.257637,False
-50.0,50,1325.0586,False
-50.0,50,1325.860898,False
-50.0,50,1326.66505,False
-50.0,50,1327.476338,False
-50.0,50,1328.276999,False
-50.0,50,1329.072883,False
-50.0,50,1329.885182,False
-50.0,50,1330.689036,False
-50.0,50,1331.505823,False
-50.0,50,1332.315997,False
-50.0,50,1333.118603,False
-50.0,50,1333.915852,False
-50.0,50,1334.723003,False
-50.0,50,1335.527854,False
-50.0,50,1336.33053,False
-50.0,50,1337.136586,False
-50.0,50,1337.934677,False
-50.0,50,1338.737874,False
-50.0,50,1339.547571,False
-50.0,50,1340.347519,False
-50.0,50,1341.147527,False
-50.0,50,1341.946826,False
-50.0,50,1342.742626,False
-50.0,50,1343.553494,False
-50.0,50,1344.354295,False
-50.0,50,1345.154452,False
-50.0,50,1345.963384,False
-50.0,50,1346.784601,False
-50.0,50,1347.579278,False
-50.0,50,1348.386029,False
-50.0,50,1349.185088,False
-50.0,50,1349.986334,False
-50.0,50,1350.788175,False
-50.0,50,1351.602252,False
-50.0,50,1352.4036,False
-50.0,50,1353.226791,False
-50.0,50,1354.023483,False
-50.0,50,1354.821611,False
-50.0,50,1355.62391,False
-50.0,50,1356.423046,False
-50.0,50,1368.641373,False
-50.0,50,1369.439248,False
-50.0,50,1370.236621,False
-50.0,50,1371.04,False
-50.0,50,1371.8483,False
-50.0,50,1372.646102,False
-50.0,50,1373.441178,False
-50.0,50,1374.240505,False
-50.0,50,1375.044189,False
-50.0,50,1375.837985,False
-50.0,50,1376.647041,False
-50.0,50,1377.447409,False
-50.0,50,1378.244803,False
-50.0,50,1379.03929,False
-50.0,50,1379.84072,False
-50.0,50,1380.638466,False
-50.0,50,1381.44728,False
-50.0,50,1382.246536,False
-50.0,50,1383.04485,False
-50.0,50,1383.853278,False
-50.0,50,1384.661771,False
-50.0,50,1385.465989,False
-50.0,50,1386.26747,False
-50.0,50,1387.087998,False
-50.0,50,1387.881957,False
-50.0,50,1388.694748,False
-50.0,50,1389.502636,False
-50.0,50,1390.300789,False
-50.0,50,1391.117605,False
-50.0,50,1391.929475,False
-50.0,50,1392.735481,False
-50.0,50,1393.535011,False
-50.0,50,1394.336804,False
-50.0,50,1395.145048,False
-50.0,50,1395.946383,False
-50.0,50,1396.743017,False
-50.0,50,1397.550514,False
-50.0,50,1398.346445,False
-50.0,50,1399.147355,False
-50.0,50,1399.946997,False
-50.0,50,1400.740374,False
-50.0,50,1411.902629,False
-50.0,50,1412.707134,False
-50.0,50,1413.514932,False
-50.0,50,1414.315607,False
-50.0,50,1415.121644,False
-50.0,50,1415.931773,False
-50.0,50,1416.730464,False
-50.0,50,1417.529182,False
-50.0,50,1418.33498,False
-50.0,50,1419.135169,False
-50.0,50,1419.933498,False
-50.0,50,1420.743655,False
-50.0,50,1421.543844,False
-50.0,50,1422.343903,False
-50.0,50,1423.143352,False
-50.0,50,1423.946264,False
-50.0,50,1424.746112,False
-50.0,50,1425.547713,False
-50.0,50,1426.352385,False
-50.0,50,1427.155163,False
-50.0,50,1427.965789,False
-50.0,50,1428.770885,False
-50.0,50,1429.586122,False
-50.0,50,1430.376661,False
-50.0,50,1431.189129,False
-50.0,50,1431.995683,False
-50.0,50,1432.787897,False
-50.0,50,1433.593794,False
-50.0,50,1434.395698,False
-50.0,50,1435.194886,False
-50.0,50,1436.005832,False
-50.0,50,1436.808235,False
-50.0,50,1437.615745,False
-50.0,50,1438.41776,False
-50.0,50,1439.222599,False
-50.0,50,1440.030346,False
-50.0,50,1440.827905,False
-50.0,50,1441.626002,False
-50.0,50,1442.433425,False
-50.0,50,1443.242218,False
-50.0,50,1444.044856,False
-50.0,50,1455.041122,False
-50.0,50,1455.841388,False
-50.0,50,1456.638419,False
-50.0,50,1457.445968,False
-50.0,50,1458.246017,False
-50.0,50,1459.039282,False
-50.0,50,1459.843454,False
-50.0,50,1460.651768,False
-50.0,50,1461.455947,False
-50.0,50,1462.251061,False
-50.0,50,1463.043759,False
-50.0,50,1463.854908,False
-50.0,50,1464.662876,False
-50.0,50,1465.466056,False
-50.0,50,1466.26761,False
-50.0,50,1467.068154,False
-50.0,50,1467.866228,False
-50.0,50,1468.663945,False
-50.0,50,1469.471593,False
-50.0,50,1470.283027,False
-50.0,50,1471.076638,False
-50.0,50,1471.875572,False
-50.0,50,1509.750967,False
-50.0,50,1510.579989,False
-50.0,50,1511.379277,False
-50.0,50,1512.175297,False
-50.0,50,1512.97106,False
-50.0,50,1513.768469,False
-50.0,50,1514.56247,False
-50.0,50,1515.38059,False
-50.0,50,1516.192048,False
-50.0,50,1516.993477,False
-50.0,50,1517.798215,False
-50.0,50,1518.601512,False
-50.0,50,1519.413217,False
-50.0,50,1520.211116,False
-50.0,50,1521.01242,False
-50.0,50,1521.811504,False
-50.0,50,1522.611548,False
-50.0,50,1523.414993,False
-50.0,50,1524.215196,False
-50.0,50,1535.709058,False
-50.0,50,1536.513138,False
-50.0,50,1537.3129,False
-5.0,50,1538.113525,True
-50.0,50,1538.91577,False
-50.0,50,1539.714149,False
-50.0,50,1540.518858,False
-50.0,50,1541.327515,False
-50.0,50,1542.131966,False
-50.0,50,1542.933089,False
-50.0,50,1543.729334,False
-50.0,50,1544.53775,False
-50.0,50,1545.340453,False
-50.0,50,1546.149184,False
-50.0,50,1546.949163,False
-50.0,50,1547.753017,False
-50.0,50,1548.725965,False
-50.0,50,1549.555734,False
-50.0,50,1550.380348,False
-50.0,50,1551.207907,False
-50.0,50,1552.020579,False
-50.0,50,1552.846729,False
-50.0,50,1553.674853,False
-50.0,50,1554.475908,False
-50.0,50,1555.269831,False
-50.0,50,1556.073637,False
-50.0,50,1556.87098,False
-50.0,50,1557.669485,False
-50.0,50,1558.478606,False
-50.0,50,1559.273026,False
-50.0,50,1560.063538,False
-50.0,50,1560.863347,False
-50.0,50,1561.670028,False
-50.0,50,1562.470328,False
-50.0,50,1563.266181,False
-50.0,50,1564.070349,False
-50.0,50,1564.878526,False
-50.0,50,1565.672471,False
-50.0,50,1566.478695,False
-50.0,50,1567.279634,False
-50.0,50,1568.076056,False
-50.0,50,1580.540272,False
-50.0,50,1581.330752,False
-50.0,50,1582.12798,False
-50.0,50,1582.923765,False
-50.0,50,1583.724658,False
-50.0,50,1584.523682,False
-50.0,50,1585.320726,False
-50.0,50,1586.111873,False
-50.0,50,1586.902446,False
-50.0,50,1587.705621,False
-50.0,50,1588.507358,False
-50.0,50,1589.318971,False
-50.0,50,1590.121901,False
-50.0,50,1590.917179,False
-50.0,50,1591.709785,False
-50.0,50,1592.507991,False
-50.0,50,1593.301949,False
-50.0,50,1594.096634,False
-50.0,50,1594.898683,False
-50.0,50,1595.683954,False
-50.0,50,1596.480048,False
-50.0,50,1597.28024,False
-50.0,50,1598.070464,False
-50.0,50,1598.867855,False
-50.0,50,1599.670142,False
-50.0,50,1600.456724,False
-50.0,50,1601.254698,False
-50.0,50,1602.045687,False
-50.0,50,1602.830669,False
-50.0,50,1603.621671,False
-50.0,50,1604.416158,False
-50.0,50,1605.212085,False
-20.0,50,1606.001563,False
-50.0,50,1606.799689,False
-50.0,50,1607.586996,False
-50.0,50,1608.4016,False
-50.0,50,1609.196311,False
-50.0,50,1609.998181,False
-50.0,50,1610.794957,False
-50.0,50,1611.593873,False
-50.0,50,1612.390873,False
-50.0,50,1625.03295,False
-50.0,50,1625.820849,False
-50.0,50,1626.621174,False
-50.0,50,1627.413355,False
-50.0,50,1628.222737,False
-50.0,50,1629.013161,False
-50.0,50,1629.812225,False
-50.0,50,1630.600928,False
-50.0,50,1631.399276,False
-50.0,50,1632.194938,False
-50.0,50,1632.9819,False
-50.0,50,1633.772055,False
-50.0,50,1634.570299,False
-50.0,50,1635.363786,False
-50.0,50,1636.160584,False
-50.0,50,1636.939596,False
-50.0,50,1637.730059,False
-50.0,50,1638.533429,False
-50.0,50,1639.330397,False
-50.0,50,1640.131916,False
-50.0,50,1640.936734,False
-50.0,50,1641.740161,False
-50.0,50,1642.533894,False
-50.0,50,1643.321379,False
-50.0,50,1644.117931,False
-50.0,50,1644.913119,False
-50.0,50,1645.706681,False
-50.0,50,1646.500888,False
-50.0,50,1647.295667,False
-50.0,50,1648.098186,False
-50.0,50,1648.893099,False
-50.0,50,1649.691604,False
-50.0,50,1650.494052,False
-50.0,50,1651.295811,False
-50.0,50,1652.091939,False
-50.0,50,1652.88172,False
-50.0,50,1653.687066,False
-50.0,50,1654.473554,False
-50.0,50,1655.271295,False
-50.0,50,1656.064304,False
-50.0,50,1656.858958,False
-50.0,50,1668.141844,False
-50.0,50,1668.933258,False
-50.0,50,1669.724128,False
-50.0,50,1670.523086,False
-50.0,50,1671.310805,False
-50.0,50,1672.108724,False
-50.0,50,1672.918987,False
-50.0,50,1673.714567,False
-50.0,50,1674.522576,False
-50.0,50,1675.314631,False
-50.0,50,1676.117,False
-50.0,50,1676.910315,False
-50.0,50,1677.707119,False
-50.0,50,1678.505925,False
-50.0,50,1679.305204,False
-50.0,50,1680.098145,False
-50.0,50,1680.893855,False
-50.0,50,1681.702271,False
-50.0,50,1682.518338,False
-50.0,50,1683.326694,False
-50.0,50,1684.124578,False
-50.0,50,1684.924199,False
-50.0,50,1685.717279,False
-50.0,50,1686.505722,False
-50.0,50,1687.320212,False
-50.0,50,1688.119071,False
-50.0,50,1688.916265,False
-50.0,50,1689.712794,False
-48.0,50,1690.510624,False
-50.0,50,1691.308084,False
-50.0,50,1692.099502,False
-50.0,50,1692.896328,False
-50.0,50,1693.697349,False
-50.0,50,1694.499755,False
-50.0,50,1695.290794,False
-50.0,50,1696.081803,False
-50.0,50,1696.866271,False
-50.0,50,1697.663391,False
-50.0,50,1698.457055,False
-50.0,50,1699.251546,False
-50.0,50,1700.056839,False
-50.0,50,1711.64308,False
-50.0,50,1712.446002,False
-50.0,50,1713.240033,False
-50.0,50,1714.031127,False
-50.0,50,1714.823161,False
-50.0,50,1715.633389,False
-50.0,50,1716.426831,False
-50.0,50,1717.229409,False
-50.0,50,1718.034932,False
-50.0,50,1718.82394,False
-50.0,50,1719.636672,False
-50.0,50,1720.439031,False
-50.0,50,1721.237456,False
-50.0,50,1722.034914,False
-50.0,50,1722.842962,False
-50.0,50,1723.637006,False
-50.0,50,1724.441007,False
-50.0,50,1725.236058,False
-50.0,50,1726.028017,False
-50.0,50,1726.83693,False
-50.0,50,1727.651481,False
-50.0,50,1728.453912,False
-50.0,50,1729.260818,False
-50.0,50,1730.062855,False
-50.0,50,1730.848665,False
-50.0,50,1731.646426,False
-50.0,50,1732.443924,False
-50.0,50,1733.2444,False
-50.0,50,1734.041112,False
-50.0,50,1734.844511,False
-50.0,50,1735.648328,False
-50.0,50,1736.446015,False
-50.0,50,1737.248819,False
-50.0,50,1738.044936,False
-50.0,50,1738.848905,False
-50.0,50,1739.649037,False
-50.0,50,1740.455832,False
-50.0,50,1741.246595,False
-50.0,50,1742.031984,False
-50.0,50,1742.826713,False
-50.0,50,1743.626855,False
-50.0,50,1754.952118,False
-50.0,50,1755.752961,False
-50.0,50,1756.541398,False
-50.0,50,1757.335633,False
-50.0,50,1758.137081,False
-50.0,50,1758.928657,False
-50.0,50,1759.71822,False
-50.0,50,1760.513867,False
-50.0,50,1761.30642,False
-50.0,50,1762.100821,False
-50.0,50,1762.893772,False
-50.0,50,1763.700026,False
-50.0,50,1764.488641,False
-50.0,50,1765.284415,False
-50.0,50,1766.076578,False
-50.0,50,1766.872671,False
-50.0,50,1767.680373,False
-50.0,50,1768.46928,False
-50.0,50,1769.279947,False
-50.0,50,1770.078846,False
-50.0,50,1770.870456,False
-50.0,50,1771.672111,False
-50.0,50,1772.471307,False
-50.0,50,1773.265277,False
-50.0,50,1774.069669,False
-50.0,50,1774.862364,False
-50.0,50,1812.249569,False
-50.0,50,1813.052895,False
-50.0,50,1813.843933,False
-50.0,50,1814.655795,False
-50.0,50,1815.461657,False
-50.0,50,1816.255971,False
-50.0,50,1817.043636,False
-50.0,50,1817.845559,False
-50.0,50,1818.649771,False
-50.0,50,1819.444772,False
-50.0,50,1820.234709,False
-50.0,50,1821.02753,False
-50.0,50,1821.8123,False
-50.0,50,1822.607184,False
-50.0,50,1823.40011,False
-50.0,50,1835.11364,False
-50.0,50,1835.916301,False
-50.0,50,1836.708689,False
-50.0,50,1837.509488,False
-50.0,50,1838.313619,False
-50.0,50,1839.101911,False
-50.0,50,1839.907405,False
-50.0,50,1840.701746,False
-50.0,50,1841.503104,False
-50.0,50,1842.293607,False
-50.0,50,1843.082005,False
-50.0,50,1843.869838,False
-50.0,50,1844.669903,False
-50.0,50,1845.464,False
-50.0,50,1846.259861,False
-50.0,50,1847.058045,False
-50.0,50,1847.862829,False
-50.0,50,1848.658041,False
-50.0,50,1849.456943,False
-50.0,50,1850.253896,False
-50.0,50,1851.059374,False
-50.0,50,1851.852679,False
-50.0,50,1852.64614,False
-50.0,50,1853.443099,False
-50.0,50,1854.240251,False
-50.0,50,1855.035219,False
-50.0,50,1855.829198,False
-50.0,50,1856.630457,False
-50.0,50,1857.428576,False
-50.0,50,1858.223762,False
-50.0,50,1859.018437,False
-50.0,50,1859.814835,False
-50.0,50,1860.603597,False
-50.0,50,1861.400474,False
-50.0,50,1862.197459,False
-50.0,50,1862.990885,False
-50.0,50,1863.777275,False
-50.0,50,1864.572413,False
-50.0,50,1865.356661,False
-50.0,50,1866.162234,False
-50.0,50,1866.94918,False
-50.0,50,1877.727825,False
-50.0,50,1878.523177,False
-50.0,50,1879.320972,False
-50.0,50,1880.11603,False
-50.0,50,1880.908209,False
-50.0,50,1881.708667,False
-50.0,50,1882.502851,False
-50.0,50,1883.296284,False
-50.0,50,1884.082193,False
-50.0,50,1884.87838,False
-50.0,50,1885.675284,False
-50.0,50,1886.492273,False
-50.0,50,1887.313627,False
-50.0,50,1888.099552,False
-50.0,50,1888.90645,False
-50.0,50,1889.708499,False
-50.0,50,1890.506837,False
-50.0,50,1891.309726,False
-50.0,50,1892.097156,False
-50.0,50,1892.894961,False
-50.0,50,1893.692511,False
-50.0,50,1894.47815,False
-50.0,50,1895.279584,False
-50.0,50,1896.072778,False
-50.0,50,1896.880022,False
-50.0,50,1897.6777,False
-50.0,50,1898.47091,False
-50.0,50,1899.267445,False
-50.0,50,1900.058999,False
-50.0,50,1900.850666,False
-50.0,50,1901.645621,False
-50.0,50,1902.439234,False
-50.0,50,1903.242788,False
-50.0,50,1904.039437,False
-50.0,50,1904.839227,False
-50.0,50,1905.636413,False
-50.0,50,1906.436488,False
-50.0,50,1907.225038,False
-50.0,50,1908.018571,False
-50.0,50,1908.811266,False
-50.0,50,1909.609797,False
-50.0,50,1922.541015,False
-50.0,50,1923.336238,False
-50.0,50,1924.131384,False
-50.0,50,1924.924056,False
-50.0,50,1925.719238,False
-50.0,50,1926.52672,False
-50.0,50,1927.33011,False
-50.0,50,1928.119604,False
-50.0,50,1928.910875,False
-50.0,50,1929.713163,False
-50.0,50,1930.506196,False
-50.0,50,1931.300575,False
-50.0,50,1932.093772,False
-50.0,50,1932.886144,False
-50.0,50,1933.687341,False
-50.0,50,1934.490545,False
-50.0,50,1935.287325,False
-50.0,50,1936.083234,False
-50.0,50,1936.884549,False
-50.0,50,1937.691067,False
-50.0,50,1938.490866,False
-50.0,50,1939.291616,False
-50.0,50,1940.078144,False
-50.0,50,1940.868842,False
-50.0,50,1941.66851,False
-50.0,50,1942.466179,False
-50.0,50,1943.263456,False
-50.0,50,1944.069451,False
-50.0,50,1944.87042,False
-50.0,50,1945.670803,False
-50.0,50,1946.458674,False
-50.0,50,1947.26358,False
-50.0,50,1948.045962,False
-50.0,50,1948.838771,False
-50.0,50,1949.638106,False
-50.0,50,1950.431721,False
-50.0,50,1951.223881,False
-50.0,50,1952.020454,False
-50.0,50,1952.803521,False
-50.0,50,1953.60915,False
-50.0,50,1954.408475,False
-50.0,50,1967.647246,False
-50.0,50,1968.442294,False
-50.0,50,1969.239696,False
-50.0,50,1970.037214,False
-50.0,50,1970.836547,False
-50.0,50,1971.643097,False
-50.0,50,1972.439361,False
-50.0,50,1973.237902,False
-50.0,50,1974.036825,False
-50.0,50,1974.829446,False
-50.0,50,1975.623156,False
-50.0,50,1976.410218,False
-50.0,50,1977.203797,False
-50.0,50,1977.995939,False
-50.0,50,1978.788652,False
-50.0,50,1979.580137,False
-50.0,50,1980.381387,False
-50.0,50,1981.170781,False
-50.0,50,1981.975034,False
-50.0,50,1982.767174,False
-50.0,50,1983.561821,False
-50.0,50,1984.364571,False
-50.0,50,1985.168616,False
-50.0,50,1985.96156,False
-50.0,50,1986.756455,False
-50.0,50,1987.541598,False
-50.0,50,1988.345095,False
-50.0,50,1989.142977,False
-50.0,50,1989.943639,False
-50.0,50,1990.737296,False
-50.0,50,1991.541948,False
-50.0,50,1992.338491,False
-50.0,50,1993.138585,False
-50.0,50,1993.936412,False
-50.0,50,1994.737463,False
-50.0,50,1995.538272,False
-50.0,50,1996.335376,False
-50.0,50,1997.123924,False
-50.0,50,1997.906909,False
-50.0,50,1998.698449,False
-50.0,50,1999.496473,False
-50.0,50,2011.824477,False
-50.0,50,2012.615851,False
-50.0,50,2013.415783,False
-50.0,50,2014.210135,False
-50.0,50,2015.000675,False
-50.0,50,2015.803587,False
-50.0,50,2016.597462,False
-50.0,50,2017.395742,False
-50.0,50,2018.191048,False
-50.0,50,2018.978745,False
-50.0,50,2019.780509,False
-50.0,50,2020.572635,False
-50.0,50,2021.373592,False
-50.0,50,2022.167194,False
-50.0,50,2022.973181,False
-50.0,50,2023.776694,False
-50.0,50,2024.567019,False
-50.0,50,2025.383016,False
-50.0,50,2026.172287,False
-50.0,50,2026.972504,False
-50.0,50,2027.774604,False
-50.0,50,2028.581561,False
-50.0,50,2029.38024,False
-50.0,50,2030.184757,False
-50.0,50,2030.976727,False
-50.0,50,2031.778806,False
-50.0,50,2032.570142,False
-50.0,50,2033.364082,False
-50.0,50,2034.162248,False
-50.0,50,2034.94902,False
-50.0,50,2035.755906,False
-50.0,50,2036.559646,False
-50.0,50,2037.371501,False
-50.0,50,2038.181688,False
-50.0,50,2038.981448,False
-50.0,50,2039.778059,False
-50.0,50,2040.580194,False
-50.0,50,2041.374386,False
-50.0,50,2042.181843,False
-50.0,50,2042.981923,False
-50.0,50,2043.789058,False
-50.0,50,2055.899312,False
-50.0,50,2056.698039,False
-50.0,50,2057.501111,False
-50.0,50,2058.302518,False
-50.0,50,2059.10692,False
-50.0,50,2059.909611,False
-50.0,50,2060.720514,False
-50.0,50,2061.520523,False
-50.0,50,2062.318275,False
-50.0,50,2063.12261,False
-50.0,50,2063.910733,False
-50.0,50,2064.722669,False
-50.0,50,2065.528163,False
-50.0,50,2066.328154,False
-50.0,50,2067.133569,False
-50.0,50,2067.930134,False
-50.0,50,2068.738331,False
-50.0,50,2069.530471,False
-50.0,50,2070.334472,False
-50.0,50,2071.148362,False
-50.0,50,2071.941005,False
-50.0,50,2072.740846,False
-50.0,50,2073.532722,False
-50.0,50,2074.312741,False
-50.0,50,2075.11053,False
-50.0,50,2075.916423,False
-50.0,50,2076.715479,False
-50.0,50,2077.508063,False
-50.0,50,2078.298841,False
-50.0,50,2079.092037,False
-50.0,50,2116.311485,False
-50.0,50,2117.119675,False
-50.0,50,2117.916389,False
-50.0,50,2118.714084,False
-50.0,50,2119.503666,False
-50.0,50,2120.308955,False
-50.0,50,2121.109382,False
-50.0,50,2121.908161,False
-50.0,50,2122.694964,False
-50.0,50,2123.496228,False
-50.0,50,2124.321085,False
-50.0,50,2135.426163,False
-50.0,50,2136.219119,False
-50.0,50,2137.00495,False
-50.0,50,2137.802195,False
-50.0,50,2138.596605,False
-50.0,50,2139.391004,False
-50.0,50,2140.186611,False
-50.0,50,2140.967471,False
-50.0,50,2141.778163,False
-50.0,50,2142.566158,False
-50.0,50,2143.358816,False
-50.0,50,2144.151705,False
-50.0,50,2144.957912,False
-50.0,50,2145.750308,False
-50.0,50,2146.525475,False
-50.0,50,2147.331897,False
-50.0,50,2148.133086,False
-50.0,50,2148.931931,False
-50.0,50,2149.731594,False
-50.0,50,2150.528263,False
-50.0,50,2151.325839,False
-50.0,50,2152.125118,False
-50.0,50,2152.925623,False
-50.0,50,2153.722036,False
-50.0,50,2154.511978,False
-50.0,50,2155.301275,False
-50.0,50,2156.098093,False
-50.0,50,2156.891253,False
-50.0,50,2157.69176,False
-50.0,50,2158.486618,False
-50.0,50,2159.276881,False
-50.0,50,2160.066325,False
-50.0,50,2160.861285,False
-50.0,50,2161.651892,False
-50.0,50,2162.444648,False
-50.0,50,2163.246032,False
-50.0,50,2164.041172,False
-50.0,50,2164.836566,False
-50.0,50,2165.631271,False
-50.0,50,2166.42011,False
-50.0,50,2167.222338,False
-50.0,50,2178.281518,False
-50.0,50,2179.07231,False
-50.0,50,2179.866284,False
-50.0,50,2180.655848,False
-50.0,50,2181.450172,False
-50.0,50,2182.249593,False
-50.0,50,2183.048881,False
-50.0,50,2183.850465,False
-50.0,50,2184.642352,False
-50.0,50,2185.434252,False
-50.0,50,2186.239922,False
-50.0,50,2187.027924,False
-50.0,50,2187.819809,False
-50.0,50,2188.614829,False
-50.0,50,2189.402714,False
-50.0,50,2190.197116,False
-50.0,50,2190.985929,False
-50.0,50,2191.775484,False
-50.0,50,2192.570203,False
-50.0,50,2193.365601,False
-50.0,50,2194.15787,False
-50.0,50,2194.950812,False
-50.0,50,2195.749439,False
-50.0,50,2196.543442,False
-50.0,50,2197.331758,False
-50.0,50,2198.121535,False
-50.0,50,2198.913985,False
-50.0,50,2199.715512,False
-50.0,50,2200.519488,False
-50.0,50,2201.310731,False
-50.0,50,2202.105337,False
-50.0,50,2202.914312,False
-50.0,50,2203.709356,False
-50.0,50,2204.512139,False
-50.0,50,2205.300975,False
-50.0,50,2206.099089,False
-50.0,50,2206.880134,False
-50.0,50,2207.677565,False
-50.0,50,2208.465015,False
-50.0,50,2209.258065,False
-50.0,50,2210.049226,False
-50.0,50,2221.543728,False
-50.0,50,2222.337441,False
-50.0,50,2223.13526,False
-50.0,50,2223.939033,False
-50.0,50,2224.734527,False
-50.0,50,2225.525984,False
-50.0,50,2226.324659,False
-50.0,50,2227.118302,False
-50.0,50,2227.907133,False
-50.0,50,2228.695765,False
-50.0,50,2229.489629,False
-50.0,50,2230.290409,False
-50.0,50,2231.087158,False
-50.0,50,2231.884473,False
-50.0,50,2232.681699,False
-50.0,50,2233.485046,False
-50.0,50,2234.274079,False
-50.0,50,2235.074589,False
-50.0,50,2235.86228,False
-50.0,50,2236.663563,False
-50.0,50,2237.456727,False
-50.0,50,2238.251796,False
-50.0,50,2239.051917,False
-50.0,50,2239.858253,False
-50.0,50,2240.665279,False
-50.0,50,2241.468446,False
-50.0,50,2242.262758,False
-50.0,50,2243.065832,False
-50.0,50,2243.870563,False
-50.0,50,2244.671418,False
-50.0,50,2245.465922,False
-50.0,50,2246.252774,False
-50.0,50,2247.049578,False
-50.0,50,2247.843671,False
-50.0,50,2248.635307,False
-50.0,50,2249.429933,False
-50.0,50,2250.225073,False
-50.0,50,2251.010711,False
-50.0,50,2251.811352,False
-50.0,50,2252.610379,False
-50.0,50,2253.405649,False
-50.0,50,2264.268899,False
-50.0,50,2265.05548,False
-50.0,50,2265.855596,False
-50.0,50,2266.652856,False
-50.0,50,2267.447602,False
-50.0,50,2268.246874,False
-50.0,50,2269.044689,False
-50.0,50,2269.842128,False
-50.0,50,2270.644953,False
-50.0,50,2271.436921,False
-50.0,50,2272.234331,False
-50.0,50,2273.013891,False
-50.0,50,2273.805144,False
-50.0,50,2274.612013,False
-50.0,50,2275.400759,False
-50.0,50,2276.198537,False
-50.0,50,2276.993231,False
-50.0,50,2277.787482,False
-50.0,50,2278.585839,False
-50.0,50,2279.37151,False
-50.0,50,2280.171494,False
-50.0,50,2280.966003,False
-50.0,50,2281.767223,False
-50.0,50,2282.568466,False
-50.0,50,2283.367439,False
-50.0,50,2284.181967,False
-50.0,50,2284.970213,False
-50.0,50,2285.763053,False
-50.0,50,2286.560136,False
-50.0,50,2287.361211,False
-50.0,50,2288.151394,False
-50.0,50,2288.948575,False
-50.0,50,2289.739062,False
-50.0,50,2290.538681,False
-50.0,50,2291.331754,False
-50.0,50,2292.13301,False
-50.0,50,2292.925672,False
-50.0,50,2293.721502,False
-50.0,50,2294.522111,False
-50.0,50,2295.317704,False
-50.0,50,2296.116385,False
-50.0,50,2307.170525,False
-50.0,50,2307.956101,False
-50.0,50,2308.756052,False
-50.0,50,2309.55055,False
-50.0,50,2310.351307,False
-50.0,50,2311.151127,False
-50.0,50,2311.947943,False
-50.0,50,2312.741088,False
-50.0,50,2313.531905,False
-50.0,50,2314.346099,False
-50.0,50,2315.148401,False
-50.0,50,2315.949255,False
-50.0,50,2316.752939,False
-50.0,50,2317.563848,False
-50.0,50,2318.35409,False
-50.0,50,2319.149489,False
-50.0,50,2319.960096,False
-50.0,50,2320.752296,False
-50.0,50,2321.548848,False
-50.0,50,2322.349284,False
-50.0,50,2323.337321,False
-43.0,50,2324.140613,False
-50.0,50,2324.937716,False
-50.0,50,2325.732002,False
-50.0,50,2326.51613,False
-50.0,50,2327.313192,False
-50.0,50,2328.104483,False
-50.0,50,2328.89726,False
-50.0,50,2329.693557,False
-50.0,50,2330.482192,False
-50.0,50,2331.285138,False
-50.0,50,2332.077931,False
-50.0,50,2332.876836,False
-50.0,50,2333.671082,False
-50.0,50,2334.457475,False
-50.0,50,2335.261579,False
-50.0,50,2336.053423,False
-50.0,50,2336.849619,False
-50.0,50,2337.64263,False
-50.0,50,2338.43149,False
-50.0,50,2339.224501,False
-50.0,50,2351.061973,False
-50.0,50,2351.855121,False
-50.0,50,2352.65036,False
-50.0,50,2353.450616,False
-50.0,50,2354.249516,False
-50.0,50,2355.037964,False
-50.0,50,2355.824806,False
-50.0,50,2356.622658,False
-50.0,50,2357.411332,False
-50.0,50,2358.207919,False
-50.0,50,2358.999997,False
-50.0,50,2359.792035,False
-50.0,50,2360.579383,False
-50.0,50,2361.373253,False
-50.0,50,2362.181888,False
-50.0,50,2362.966979,False
-50.0,50,2363.75921,False
-50.0,50,2364.546496,False
-50.0,50,2365.348966,False
-50.0,50,2366.150292,False
-50.0,50,2366.949123,False
-50.0,50,2367.741999,False
-50.0,50,2368.529922,False
-50.0,50,2369.322438,False
-50.0,50,2370.11514,False
-50.0,50,2370.908602,False
-50.0,50,2371.711337,False
-50.0,50,2372.511568,False
-50.0,50,2373.298629,False
-50.0,50,2374.097443,False
-50.0,50,2374.898903,False
-50.0,50,2375.697706,False
-50.0,50,2376.496127,False
-50.0,50,2377.287674,False
-50.0,50,2414.921985,False
-50.0,50,2415.734347,False
-50.0,50,2416.534138,False
-50.0,50,2417.324049,False
-50.0,50,2418.117416,False
-50.0,50,2418.907331,False
-50.0,50,2419.704066,False
-50.0,50,2431.41381,False
-50.0,50,2432.204526,False
-50.0,50,2433.00701,False
-50.0,50,2433.806569,False
-50.0,50,2434.598781,False
-50.0,50,2435.382737,False
-50.0,50,2436.177524,False
-50.0,50,2436.966396,False
-50.0,50,2437.765662,False
-50.0,50,2438.568184,False
-50.0,50,2439.36627,False
-50.0,50,2440.154715,False
-50.0,50,2440.944756,False
-50.0,50,2441.746509,False
-50.0,50,2442.543548,False
-50.0,50,2443.343967,False
-50.0,50,2444.136854,False
-50.0,50,2444.931573,False
-50.0,50,2445.732231,False
-50.0,50,2446.52404,False
-50.0,50,2447.317879,False
-50.0,50,2448.120591,False
-50.0,50,2448.916216,False
-50.0,50,2449.718935,False
-50.0,50,2450.510858,False
-50.0,50,2451.304576,False
-50.0,50,2452.095917,False
-50.0,50,2452.891156,False
-50.0,50,2453.694117,False
-50.0,50,2454.494111,False
-50.0,50,2455.293715,False
-50.0,50,2456.08716,False
-50.0,50,2456.879951,False
-50.0,50,2457.674599,False
-50.0,50,2458.741486,False
-29.0,50,2459.69753,False
-50.0,50,2460.892284,False
-50.0,50,2461.76349,False
-50.0,50,2462.598497,False
-50.0,50,2463.410412,False
-50.0,50,2464.21043,False
-50.0,50,2475.477635,False
-50.0,50,2476.286159,False
-50.0,50,2477.102791,False
-50.0,50,2477.918894,False
-50.0,50,2478.724046,False
-50.0,50,2479.524081,False
-50.0,50,2480.323766,False
-50.0,50,2481.130306,False
-50.0,50,2481.937139,False
-50.0,50,2482.74103,False
-50.0,50,2483.538731,False
-50.0,50,2484.342143,False
-50.0,50,2485.161574,False
-50.0,50,2485.960728,False
-50.0,50,2486.768291,False
-50.0,50,2487.567954,False
-50.0,50,2488.365677,False
-50.0,50,2489.173609,False
-50.0,50,2489.979925,False
-50.0,50,2490.792657,False
-50.0,50,2491.590211,False
-50.0,50,2492.393601,False
-50.0,50,2493.207677,False
-50.0,50,2494.029549,False
-50.0,50,2494.83825,False
-50.0,50,2495.646019,False
-50.0,50,2496.456478,False
-50.0,50,2497.255471,False
-50.0,50,2498.062046,False
-50.0,50,2498.86862,False
-50.0,50,2499.677396,False
-50.0,50,2500.474262,False
0.0,50,2501.275138,True
-50.0,50,2502.073607,False
-50.0,50,2502.875665,False
-50.0,50,2503.687202,False
-50.0,50,2504.486524,False
-50.0,50,2505.311757,False
-50.0,50,2506.11425,False
-50.0,50,2506.90754,False
-50.0,50,2518.004882,False
-50.0,50,2518.807574,False
-50.0,50,2519.610516,False
-50.0,50,2520.408697,False
-50.0,50,2521.202602,False
-50.0,50,2522.011515,False
-50.0,50,2522.826132,False
-50.0,50,2523.639863,False
-50.0,50,2524.468879,False
-50.0,50,2525.282315,False
-50.0,50,2526.093676,False
-50.0,50,2526.897339,False
-50.0,50,2527.700616,False
-50.0,50,2528.495975,False
-50.0,50,2529.31343,False
-50.0,50,2530.116261,False
-50.0,50,2530.921237,False
-50.0,50,2531.726284,False
-50.0,50,2532.535234,False
-50.0,50,2533.329811,False
-50.0,50,2534.134386,False
-50.0,50,2534.93646,False
-50.0,50,2535.735157,False
-50.0,50,2536.536188,False
-50.0,50,2537.343873,False
-50.0,50,2538.14691,False
-50.0,50,2538.956673,False
-50.0,50,2539.760995,False
-50.0,50,2540.56627,False
-50.0,50,2541.364947,False
-50.0,50,2542.166466,False
-50.0,50,2542.968989,False
-50.0,50,2543.779256,False
-50.0,50,2544.585346,False
-50.0,50,2545.409155,False
-50.0,50,2546.220729,False
-50.0,50,2547.021026,False
-50.0,50,2547.82295,False
-50.0,50,2548.622685,False
-50.0,50,2549.419571,False
-50.0,50,2550.223162,False
-50.0,50,2562.280482,False
-50.0,50,2563.097874,False
-50.0,50,2563.902176,False
-50.0,50,2564.70906,False
-50.0,50,2565.513498,False
-50.0,50,2566.336452,False
-50.0,50,2567.137572,False
-50.0,50,2567.94258,False
-50.0,50,2568.747022,False
-50.0,50,2569.552907,False
-50.0,50,2570.353331,False
-50.0,50,2571.156611,False
-50.0,50,2571.961542,False
-50.0,50,2572.761309,False
-50.0,50,2573.577194,False
-50.0,50,2574.393203,False
-50.0,50,2575.202106,False
-50.0,50,2575.999704,False
-50.0,50,2576.79728,False
-50.0,50,2577.590215,False
-50.0,50,2578.389209,False
-50.0,50,2579.197652,False
-50.0,50,2579.999929,False
-50.0,50,2580.815472,False
-50.0,50,2581.614388,False
-50.0,50,2582.407533,False
-50.0,50,2583.209221,False
-50.0,50,2584.02281,False
-50.0,50,2584.814327,False
-50.0,50,2585.62709,False
-50.0,50,2586.432663,False
-9.0,50,2587.24496,True
-50.0,50,2588.03443,False
-50.0,50,2588.836772,False
-50.0,50,2589.634698,False
-50.0,50,2590.434187,False
-50.0,50,2591.241472,False
-50.0,50,2592.033506,False
-50.0,50,2592.825387,False
-50.0,50,2593.631149,False
-50.0,50,2594.436722,False
-50.0,50,2605.764665,False
-50.0,50,2606.578604,False
-50.0,50,2607.373712,False
-50.0,50,2608.175959,False
-50.0,50,2608.981835,False
-50.0,50,2609.793174,False
-50.0,50,2610.589622,False
-50.0,50,2611.392016,False
-50.0,50,2612.202605,False
-50.0,50,2613.002619,False
-50.0,50,2613.810438,False
-50.0,50,2614.609612,False
-50.0,50,2615.413711,False
-50.0,50,2616.217596,False
-50.0,50,2617.015038,False
-50.0,50,2617.823763,False
-50.0,50,2618.627077,False
-50.0,50,2619.428607,False
-50.0,50,2620.244988,False
-50.0,50,2621.036501,False
-50.0,50,2621.843794,False
-50.0,50,2622.650204,False
-50.0,50,2623.444663,False
-50.0,50,2624.249461,False
-50.0,50,2625.052945,False
-50.0,50,2625.862365,False
-50.0,50,2626.662228,False
-50.0,50,2627.47592,False
-50.0,50,2628.278321,False
-50.0,50,2629.075007,False
-50.0,50,2629.870027,False
-50.0,50,2630.685044,False
-50.0,50,2631.486217,False
-50.0,50,2632.297822,False
-50.0,50,2633.102376,False
-50.0,50,2633.907162,False
-50.0,50,2634.716403,False
-50.0,50,2635.519297,False
-50.0,50,2636.318449,False
-50.0,50,2637.112354,False
-50.0,50,2637.918462,False
-50.0,50,2649.380177,False
-50.0,50,2650.197735,False
-50.0,50,2651.006895,False
-50.0,50,2651.809957,False
-50.0,50,2652.64205,False
-50.0,50,2653.452377,False
-50.0,50,2654.259663,False
-50.0,50,2655.057707,False
-50.0,50,2655.86039,False
-50.0,50,2656.668873,False
-50.0,50,2657.476929,False
-50.0,50,2658.278594,False
-50.0,50,2659.083431,False
-50.0,50,2659.888425,False
-50.0,50,2660.69925,False
-50.0,50,2661.49269,False
-50.0,50,2662.295846,False
-50.0,50,2663.099946,False
-50.0,50,2663.903537,False
-50.0,50,2664.69767,False
-50.0,50,2665.495798,False
-50.0,50,2666.294706,False
-50.0,50,2667.094096,False
-50.0,50,2667.908936,False
0.0,50,2668.709208,True
-50.0,50,2669.523844,False
-50.0,50,2670.331796,False
-50.0,50,2671.145758,False
-50.0,50,2671.939872,False
-50.0,50,2672.738673,False
-50.0,50,2673.54399,False
-50.0,50,2674.339435,False
-50.0,50,2675.149148,False
-50.0,50,2675.956098,False
-50.0,50,2676.755927,False
-50.0,50,2677.555615,False
-50.0,50,2678.34802,False
-50.0,50,2679.156766,False
-50.0,50,2679.959535,False
-50.0,50,2718.039683,False
-50.0,50,2718.858185,False
-50.0,50,2730.073097,False
-50.0,50,2730.877362,False
-50.0,50,2731.684205,False
-50.0,50,2732.483102,False
-50.0,50,2733.284972,False
-50.0,50,2734.088135,False
-50.0,50,2734.887359,False
-50.0,50,2735.699133,False
-50.0,50,2736.498426,False
-50.0,50,2737.300974,False
-50.0,50,2738.103739,False
-50.0,50,2738.907208,False
-50.0,50,2739.71765,False
-50.0,50,2740.526264,False
-50.0,50,2741.330106,False
-50.0,50,2742.14171,False
-50.0,50,2742.942501,False
-50.0,50,2743.74554,False
-50.0,50,2744.556336,False
-50.0,50,2745.360072,False
-50.0,50,2746.167944,False
-50.0,50,2746.971006,False
-50.0,50,2747.783747,False
-50.0,50,2748.593973,False
-50.0,50,2749.393041,False
-50.0,50,2750.193931,False
-50.0,50,2751.008522,False
-50.0,50,2751.819471,False
-50.0,50,2752.619081,False
-50.0,50,2753.421467,False
-50.0,50,2754.218039,False
-50.0,50,2755.030478,False
-50.0,50,2755.83531,False
-50.0,50,2756.647859,False
-50.0,50,2757.464276,False
-50.0,50,2758.275243,False
-50.0,50,2759.083745,False
-50.0,50,2759.874562,False
-50.0,50,2760.672271,False
-50.0,50,2761.467275,False
-50.0,50,2762.270136,False
-50.0,50,2774.375201,False
-50.0,50,2775.187693,False
-50.0,50,2775.987338,False
-50.0,50,2776.789376,False
-50.0,50,2777.591096,False
-50.0,50,2778.397243,False
-50.0,50,2779.205005,False
-50.0,50,2780.008576,False
-50.0,50,2780.805142,False
-50.0,50,2781.610608,False
-50.0,50,2782.415266,False
-50.0,50,2783.209284,False
-50.0,50,2784.021154,False
-50.0,50,2784.819026,False
-50.0,50,2785.619657,False
-50.0,50,2786.415547,False
-50.0,50,2787.219974,False
-50.0,50,2788.016161,False
-50.0,50,2788.810492,False
-50.0,50,2789.601288,False
-50.0,50,2790.407238,False
-50.0,50,2791.20585,False
-50.0,50,2792.00035,False
-50.0,50,2792.797505,False
-50.0,50,2793.598769,False
-50.0,50,2794.400147,False
-50.0,50,2795.203846,False
-50.0,50,2795.999763,False
-50.0,50,2796.805916,False
-50.0,50,2797.608829,False
-50.0,50,2798.405046,False
-50.0,50,2799.192665,False
-50.0,50,2799.985424,False
-50.0,50,2800.784245,False
-50.0,50,2801.580096,False
-50.0,50,2802.372273,False
-50.0,50,2803.166165,False
-50.0,50,2803.962086,False
-50.0,50,2804.778194,False
-50.0,50,2805.578645,False
-50.0,50,2806.371853,False
-50.0,50,2818.399134,False
-50.0,50,2819.196739,False
-50.0,50,2819.993598,False
-50.0,50,2820.796403,False
-50.0,50,2821.594066,False
-50.0,50,2822.395866,False
-50.0,50,2823.188539,False
-50.0,50,2823.981188,False
-50.0,50,2824.806743,False
-50.0,50,2825.597189,False
-50.0,50,2826.395825,False
-50.0,50,2827.184179,False
-50.0,50,2827.995501,False
-50.0,50,2828.791451,False
-50.0,50,2829.590461,False
-50.0,50,2830.384216,False
-50.0,50,2831.18103,False
-50.0,50,2831.975307,False
-50.0,50,2832.776524,False
-50.0,50,2833.569002,False
-50.0,50,2834.373632,False
-50.0,50,2835.170621,False
-50.0,50,2835.966035,False
-50.0,50,2836.766087,False
-50.0,50,2837.56262,False
-50.0,50,2838.364942,False
-50.0,50,2839.167084,False
-50.0,50,2839.969789,False
-50.0,50,2840.754745,False
-50.0,50,2841.548727,False
-50.0,50,2842.342295,False
-50.0,50,2843.135576,False
-50.0,50,2843.929144,False
-50.0,50,2844.739447,False
-50.0,50,2845.543664,False
-50.0,50,2846.344049,False
-50.0,50,2847.140657,False
-9.0,50,2847.936356,False
-50.0,50,2848.733764,False
-50.0,50,2849.52927,False
-50.0,50,2850.312347,False
-50.0,50,2862.79757,False
-50.0,50,2863.600146,False
-50.0,50,2864.394008,False
-50.0,50,2865.196897,False
-50.0,50,2865.986135,False
-50.0,50,2866.77538,False
-50.0,50,2867.570392,False
-50.0,50,2868.359709,False
-50.0,50,2869.152674,False
-50.0,50,2869.949399,False
-50.0,50,2870.74725,False
-50.0,50,2871.540402,False
-50.0,50,2872.340292,False
-50.0,50,2873.132078,False
-50.0,50,2873.937368,False
-50.0,50,2874.727484,False
-50.0,50,2875.51815,False
-50.0,50,2876.313617,False
-50.0,50,2877.100629,False
-50.0,50,2877.891347,False
-50.0,50,2878.696486,False
-50.0,50,2879.497463,False
-50.0,50,2880.294982,False
-50.0,50,2881.097227,False
-50.0,50,2881.887666,False
-50.0,50,2882.67552,False
-50.0,50,2883.467599,False
-50.0,50,2884.266363,False
-50.0,50,2885.063594,False
-50.0,50,2885.879307,False
-50.0,50,2886.676123,False
-50.0,50,2887.46991,False
-50.0,50,2888.260982,False
-50.0,50,2889.04665,False
-50.0,50,2889.835061,False
-50.0,50,2890.634858,False
-50.0,50,2891.446469,False
-50.0,50,2892.239822,False
-50.0,50,2893.040823,False
-50.0,50,2893.837825,False
-50.0,50,2894.622835,False
-50.0,50,2906.061999,False
-50.0,50,2906.847915,False
-50.0,50,2907.65022,False
-50.0,50,2908.450186,False
-50.0,50,2909.248971,False
-50.0,50,2910.05714,False
-50.0,50,2910.846953,False
-50.0,50,2911.642712,False
-50.0,50,2912.435483,False
-50.0,50,2913.233975,False
-50.0,50,2914.030347,False
-50.0,50,2914.814711,False
-50.0,50,2915.612137,False
-50.0,50,2916.407535,False
-50.0,50,2917.20824,False
-50.0,50,2917.997794,False
-50.0,50,2918.783699,False
-50.0,50,2919.566551,False
-50.0,50,2920.372491,False
-50.0,50,2921.161946,False
-50.0,50,2921.954531,False
-50.0,50,2922.752561,False
-50.0,50,2923.548097,False
-17.0,50,2924.339389,True
-50.0,50,2925.13144,False
-50.0,50,2925.931606,False
-50.0,50,2926.74075,False
-50.0,50,2927.544742,False
-50.0,50,2928.341293,False
-50.0,50,2929.130198,False
-50.0,50,2929.929978,False
-50.0,50,2930.723015,False
-50.0,50,2931.509863,False
-50.0,50,2932.309039,False
-50.0,50,2933.110758,False
-50.0,50,2933.908662,False
-50.0,50,2934.696286,False
-50.0,50,2935.485408,False
-50.0,50,2936.292176,False
-50.0,50,2937.091688,False
-50.0,50,2937.88603,False
-50.0,50,2949.451487,False
-50.0,50,2950.23855,False
-50.0,50,2951.037585,False
-50.0,50,2951.824331,False
-50.0,50,2952.620096,False
-50.0,50,2953.412914,False
-50.0,50,2954.207332,False
-50.0,50,2955.005866,False
-50.0,50,2955.809149,False
-50.0,50,2956.605711,False
-50.0,50,2957.412474,False
-50.0,50,2958.207679,False
-50.0,50,2959.004254,False
-50.0,50,2959.793247,False
-50.0,50,2960.579996,False
-50.0,50,2961.37007,False
-50.0,50,2962.164953,False
-50.0,50,2962.957722,False
-50.0,50,2963.757151,False
-50.0,50,2964.545988,False
-50.0,50,2965.34165,False
-50.0,50,2966.141024,False
-50.0,50,2966.931713,False
-50.0,50,2967.729109,False
-50.0,50,2968.520553,False
-50.0,50,2969.313782,False
-50.0,50,2970.108898,False
-50.0,50,2970.910048,False
-50.0,50,2971.70718,False
-50.0,50,2972.51311,False
-50.0,50,2973.32381,False
-50.0,50,2974.128738,False
-50.0,50,2974.924404,False
-50.0,50,2975.721387,False
-50.0,50,2976.516036,False
-50.0,50,2977.315963,False
-50.0,50,2978.105685,False
-50.0,50,2978.909723,False
-50.0,50,2979.711872,False
-50.0,50,2980.506893,False
-50.0,50,2981.307801,False
-50.0,50,2993.100437,False
-50.0,50,2993.905954,False
-50.0,50,3031.676197,False
-50.0,50,3032.483692,False
-50.0,50,3033.28184,False
-50.0,50,3034.075323,False
-50.0,50,3034.874456,False
-50.0,50,3035.663978,False
-50.0,50,3036.459523,False
-50.0,50,3037.252671,False
-50.0,50,3038.047524,False
-50.0,50,3038.851463,False
-50.0,50,3039.637681,False
-50.0,50,3040.41826,False
-50.0,50,3041.217145,False
-50.0,50,3041.999977,False
-50.0,50,3042.802195,False
-50.0,50,3043.596012,False
-50.0,50,3044.379934,False
-50.0,50,3045.186125,False
-50.0,50,3045.981174,False
-50.0,50,3046.777006,False
-50.0,50,3047.585631,False
-50.0,50,3048.386351,False
-50.0,50,3049.183768,False
-50.0,50,3049.987133,False
-50.0,50,3050.788717,False
-50.0,50,3051.575329,False
-50.0,50,3052.376367,False
-50.0,50,3053.177125,False
-50.0,50,3053.968664,False
-50.0,50,3054.780397,False
-50.0,50,3055.586503,False
-50.0,50,3056.382894,False
-50.0,50,3057.183227,False
-50.0,50,3057.974677,False
-50.0,50,3058.775792,False
-50.0,50,3059.568127,False
-50.0,50,3060.359815,False
-50.0,50,3061.163759,False
-50.0,50,3061.94976,False
-50.0,50,3073.471751,False
-50.0,50,3074.261483,False
-50.0,50,3075.052914,False
-50.0,50,3075.84654,False
-50.0,50,3076.638268,False
-50.0,50,3077.450547,False
-50.0,50,3078.247643,False
-50.0,50,3079.049044,False
-50.0,50,3079.843879,False
-50.0,50,3080.629338,False
-50.0,50,3081.428208,False
-50.0,50,3082.217562,False
-50.0,50,3083.015217,False
-50.0,50,3083.804869,False
-50.0,50,3084.593673,False
-50.0,50,3085.392215,False
-50.0,50,3086.20289,False
-50.0,50,3086.999033,False
-50.0,50,3087.793931,False
-50.0,50,3088.581562,False
-50.0,50,3089.378736,False
-50.0,50,3090.177424,False
-50.0,50,3090.964542,False
-50.0,50,3091.763193,False
-50.0,50,3092.556465,False
-50.0,50,3093.343817,False
-50.0,50,3094.146077,False
-50.0,50,3094.93178,False
-50.0,50,3095.734103,False
-50.0,50,3096.526482,False
-50.0,50,3097.321426,False
-50.0,50,3098.107937,False
-50.0,50,3098.904415,False
-50.0,50,3099.69758,False
-50.0,50,3100.492423,False
-50.0,50,3101.294893,False
-50.0,50,3102.093831,False
-50.0,50,3102.893775,False
-50.0,50,3103.684325,False
-50.0,50,3104.48169,False
-50.0,50,3105.285669,False
-50.0,50,3117.302938,False
-50.0,50,3118.090238,False
-50.0,50,3118.888041,False
-50.0,50,3119.690233,False
-50.0,50,3120.489015,False
-50.0,50,3121.288222,False
-50.0,50,3122.087198,False
-50.0,50,3122.88366,False
-50.0,50,3123.671331,False
-50.0,50,3124.462485,False
-50.0,50,3125.260283,False
-50.0,50,3126.044034,False
-50.0,50,3126.864811,False
-50.0,50,3127.660527,False
-50.0,50,3128.460922,False
-50.0,50,3129.261514,False
-50.0,50,3130.060999,False
-50.0,50,3130.85067,False
-50.0,50,3131.639493,False
-50.0,50,3132.450961,False
-50.0,50,3133.243584,False
-50.0,50,3134.033487,False
-50.0,50,3134.838316,False
-50.0,50,3135.631615,False
-50.0,50,3136.42947,False
-50.0,50,3137.221276,False
-50.0,50,3138.022938,False
-50.0,50,3138.808773,False
-50.0,50,3139.597217,False
-50.0,50,3140.394045,False
-50.0,50,3141.187313,False
-50.0,50,3141.988654,False
-50.0,50,3142.781977,False
-50.0,50,3143.575127,False
-50.0,50,3144.373494,False
-50.0,50,3145.168565,False
-50.0,50,3145.958021,False
-50.0,50,3146.76959,False
-50.0,50,3147.567436,False
-50.0,50,3148.362045,False
-50.0,50,3149.159644,False
-50.0,50,3160.788671,False
-50.0,50,3161.579253,False
-50.0,50,3162.375044,False
-50.0,50,3163.167051,False
-50.0,50,3163.969806,False
-50.0,50,3164.782014,False
-50.0,50,3165.576664,False
-50.0,50,3166.36386,False
-50.0,50,3167.161853,False
-50.0,50,3167.958168,False
-50.0,50,3168.754313,False
-50.0,50,3169.552895,False
-50.0,50,3170.345438,False
-50.0,50,3171.14774,False
-50.0,50,3171.944606,False
-50.0,50,3172.730287,False
-50.0,50,3173.539696,False
-50.0,50,3174.333521,False
-50.0,50,3175.12539,False
-50.0,50,3175.923077,False
-50.0,50,3176.730378,False
-50.0,50,3177.526958,False
-50.0,50,3178.328758,False
-50.0,50,3179.131476,False
-50.0,50,3179.933408,False
-50.0,50,3180.728022,False
-50.0,50,3181.524393,False
-50.0,50,3182.317649,False
-50.0,50,3183.109917,False
-50.0,50,3183.916911,False
-50.0,50,3184.720127,False
-50.0,50,3185.519846,False
-50.0,50,3186.315303,False
-50.0,50,3187.114033,False
-50.0,50,3187.921259,False
-50.0,50,3188.711583,False
-50.0,50,3189.508452,False
-50.0,50,3190.304845,False
-50.0,50,3191.094572,False
-50.0,50,3191.900567,False
-50.0,50,3192.695951,False
-50.0,50,3204.011182,False
-50.0,50,3204.805012,False
-50.0,50,3205.601764,False
-50.0,50,3206.398572,False
-50.0,50,3207.187059,False
-50.0,50,3207.984809,False
-50.0,50,3208.771812,False
-50.0,50,3209.575203,False
-50.0,50,3210.376067,False
-50.0,50,3211.165532,False
-50.0,50,3211.953228,False
-50.0,50,3212.746806,False
-50.0,50,3213.540418,False
-50.0,50,3214.338716,False
-50.0,50,3215.13287,False
-50.0,50,3215.928847,False
-50.0,50,3216.729187,False
-50.0,50,3217.512924,False
-50.0,50,3218.317392,False
-50.0,50,3219.114604,False
-50.0,50,3219.903239,False
-50.0,50,3220.69407,False
-50.0,50,3221.475472,False
-50.0,50,3222.278477,False
-50.0,50,3223.066332,False
-50.0,50,3223.875433,False
-50.0,50,3224.663551,False
-50.0,50,3225.459533,False
-50.0,50,3226.255031,False
-50.0,50,3227.049206,False
-50.0,50,3227.852634,False
-50.0,50,3228.646144,False
-50.0,50,3229.430539,False
-50.0,50,3230.237027,False
-50.0,50,3231.037561,False
-50.0,50,3231.825295,False
-50.0,50,3232.62775,False
-50.0,50,3233.422089,False
-50.0,50,3234.211647,False
-50.0,50,3235.010782,False
-50.0,50,3235.813755,False
-50.0,50,3247.324303,False
-50.0,50,3248.119843,False
-50.0,50,3248.92029,False
-50.0,50,3249.722069,False
-50.0,50,3250.512599,False
-50.0,50,3251.315049,False
-50.0,50,3252.111735,False
-50.0,50,3252.909533,False
-50.0,50,3253.701632,False
-50.0,50,3254.503742,False
-50.0,50,3255.304597,False
-50.0,50,3256.106147,False
-50.0,50,3256.90242,False
-50.0,50,3257.707871,False
-50.0,50,3258.503103,False
-50.0,50,3259.299437,False
-50.0,50,3260.090382,False
-50.0,50,3260.88184,False
-50.0,50,3261.673543,False
-50.0,50,3262.46925,False
-50.0,50,3263.263286,False
-50.0,50,3264.052408,False
-50.0,50,3264.86197,False
-50.0,50,3265.656635,False
-50.0,50,3266.445934,False
-50.0,50,3267.240031,False
-50.0,50,3268.036211,False
-50.0,50,3268.83533,False
-50.0,50,3269.629003,False
-50.0,50,3270.420214,False
-50.0,50,3271.22122,False
-50.0,50,3272.025007,False
-50.0,50,3272.824618,False
-50.0,50,3273.629093,False
-50.0,50,3274.413476,False
-50.0,50,3275.20711,False
-50.0,50,3276.003183,False
-50.0,50,3276.793915,False
-50.0,50,3277.58669,False
-50.0,50,3278.37361,False
-50.0,50,3279.171973,False
-50.0,50,3290.915924,False
-50.0,50,3291.720179,False
-50.0,50,3292.517578,False
-50.0,50,3293.310774,False
-50.0,50,3294.10829,False
-50.0,50,3294.913053,False
-50.0,50,3332.303452,False
-50.0,50,3333.111219,False
-50.0,50,3333.902311,False
-50.0,50,3334.697425,False
-50.0,50,3335.490057,False
-50.0,50,3336.29685,False
-50.0,50,3337.087115,False
-50.0,50,3337.87627,False
-50.0,50,3338.673138,False
-50.0,50,3339.463392,False
-50.0,50,3340.262136,False
-50.0,50,3341.058381,False
-50.0,50,3341.849567,False
-50.0,50,3342.635782,False
-50.0,50,3343.420939,False
-50.0,50,3344.211255,False
-50.0,50,3344.99999,False
-50.0,50,3345.790874,False
-50.0,50,3346.595893,False
-50.0,50,3347.377877,False
-50.0,50,3348.180514,False
-50.0,50,3348.976755,False
-50.0,50,3349.766265,False
-50.0,50,3350.562194,False
-50.0,50,3351.371158,False
-50.0,50,3352.174408,False
-50.0,50,3352.971705,False
-50.0,50,3353.765284,False
-50.0,50,3354.571876,False
-50.0,50,3355.363288,False
-50.0,50,3356.153075,False
-50.0,50,3356.94233,False
-50.0,50,3357.730311,False
-50.0,50,3358.527566,False
-50.0,50,3359.319698,False
-50.0,50,3370.327272,False
-50.0,50,3371.120873,False
-50.0,50,3371.923901,False
-50.0,50,3372.718997,False
-50.0,50,3373.516357,False
-50.0,50,3374.311493,False
-50.0,50,3375.108632,False
-50.0,50,3375.90283,False
-50.0,50,3376.692657,False
-50.0,50,3377.496052,False
-50.0,50,3378.282584,False
-50.0,50,3379.081537,False
-50.0,50,3379.867179,False
-50.0,50,3380.664089,False
-50.0,50,3381.451804,False
-50.0,50,3382.252819,False
-50.0,50,3383.042601,False
-50.0,50,3383.955905,False
-50.0,50,3384.79205,False
-50.0,50,3385.595665,False
-50.0,50,3386.394981,False
-50.0,50,3387.198703,False
-50.0,50,3387.99389,False
-50.0,50,3388.801041,False
-50.0,50,3389.594079,False
-50.0,50,3390.396008,False
-50.0,50,3391.193833,False
-50.0,50,3391.993614,False
-50.0,50,3392.783986,False
-50.0,50,3393.578112,False
-50.0,50,3394.384128,False
-50.0,50,3395.189096,False
-50.0,50,3395.983694,False
-50.0,50,3396.776287,False
-50.0,50,3397.565093,False
-50.0,50,3398.360218,False
-50.0,50,3399.152872,False
-50.0,50,3399.944962,False
-50.0,50,3400.730625,False
-50.0,50,3401.526561,False
-50.0,50,3402.323563,False
-50.0,50,3414.144624,False
-50.0,50,3414.94407,False
-50.0,50,3415.762796,False
-50.0,50,3416.599128,False
-50.0,50,3417.394969,False
-50.0,50,3418.191,False
-50.0,50,3418.995089,False
-50.0,50,3419.796262,False
-50.0,50,3420.586875,False
-50.0,50,3421.391644,False
-50.0,50,3422.275264,False
-50.0,50,3423.091968,False
-50.0,50,3423.894879,False
-50.0,50,3424.706503,False
-50.0,50,3425.515784,False
-50.0,50,3426.309565,False
-50.0,50,3427.10607,False
-50.0,50,3427.905114,False
-50.0,50,3428.704332,False
-50.0,50,3429.497904,False
-50.0,50,3430.297931,False
-50.0,50,3431.092943,False
-50.0,50,3431.893023,False
-50.0,50,3432.683225,False
-50.0,50,3433.483454,False
-50.0,50,3434.286492,False
-50.0,50,3435.082156,False
-50.0,50,3435.888192,False
-50.0,50,3436.696031,False
-50.0,50,3437.496357,False
-50.0,50,3438.294872,False
-50.0,50,3439.084922,False
-50.0,50,3439.88595,False
-50.0,50,3440.670953,False
-50.0,50,3441.466092,False
-50.0,50,3442.25728,False
-50.0,50,3443.050246,False
-50.0,50,3443.846423,False
-50.0,50,3444.640707,False
-50.0,50,3445.446272,False
-50.0,50,3446.241282,False
-50.0,50,3458.857708,False
-50.0,50,3459.685285,False
-50.0,50,3460.488688,False
-50.0,50,3461.287086,False
-50.0,50,3462.089966,False
-50.0,50,3462.88404,False
-50.0,50,3463.682019,False
-50.0,50,3464.49188,False
-50.0,50,3465.287866,False
-50.0,50,3466.090311,False
-50.0,50,3466.880413,False
-50.0,50,3467.682794,False
-50.0,50,3468.479738,False
-50.0,50,3469.266016,False
-50.0,50,3470.064289,False
-50.0,50,3470.855852,False
-50.0,50,3471.650006,False
-50.0,50,3472.448138,False
-50.0,50,3473.247368,False
-50.0,50,3474.055651,False
-50.0,50,3474.855547,False
-50.0,50,3475.648887,False
-50.0,50,3476.442324,False
-50.0,50,3477.239514,False
-50.0,50,3478.044834,False
-50.0,50,3478.842161,False
-50.0,50,3479.643949,False
-50.0,50,3480.431916,False
-50.0,50,3481.232082,False
-50.0,50,3482.033839,False
-50.0,50,3482.833761,False
-50.0,50,3483.637233,False
-50.0,50,3484.448957,False
-50.0,50,3485.241348,False
-50.0,50,3486.071515,False
-50.0,50,3486.88312,False
-50.0,50,3487.678697,False
-50.0,50,3488.477174,False
-50.0,50,3489.270127,False
-50.0,50,3490.069421,False
-50.0,50,3490.868619,False
-50.0,50,3502.629868,False
-50.0,50,3503.43205,False
-50.0,50,3504.226373,False
-50.0,50,3505.025361,False
-50.0,50,3505.806176,False
-50.0,50,3506.611571,False
-50.0,50,3507.402624,False
-50.0,50,3508.201041,False
-50.0,50,3509.000985,False
-50.0,50,3509.805109,False
-50.0,50,3510.607989,False
-50.0,50,3511.405522,False
-50.0,50,3512.208405,False
-50.0,50,3513.014464,False
-50.0,50,3513.798487,False
-30.0,50,3514.603943,True
-50.0,50,3515.399954,False
-50.0,50,3516.197929,False
-50.0,50,3516.993434,False
-50.0,50,3517.795272,False
-50.0,50,3518.601446,False
-50.0,50,3519.396785,False
-50.0,50,3520.195961,False
-50.0,50,3520.999542,False
-50.0,50,3521.79882,False
-50.0,50,3522.590262,False
-50.0,50,3523.384465,False
-50.0,50,3524.183183,False
-50.0,50,3524.998488,False
-50.0,50,3525.791482,False
-50.0,50,3526.589504,False
-50.0,50,3527.387971,False
-50.0,50,3528.180033,False
-50.0,50,3528.968464,False
-50.0,50,3529.768174,False
-50.0,50,3530.563989,False
-50.0,50,3531.352086,False
-50.0,50,3532.142024,False
-50.0,50,3532.940107,False
-50.0,50,3533.740544,False
-50.0,50,3534.538583,False
-50.0,50,3545.817471,False
-50.0,50,3546.617422,False
-50.0,50,3547.419129,False
-50.0,50,3548.220468,False
-50.0,50,3549.02506,False
-50.0,50,3549.825838,False
-50.0,50,3550.630286,False
-50.0,50,3551.422661,False
-50.0,50,3552.21311,False
-50.0,50,3553.022619,False
-50.0,50,3553.832,False
-50.0,50,3554.623232,False
-50.0,50,3555.423043,False
-50.0,50,3556.223831,False
-50.0,50,3557.02559,False
-50.0,50,3557.824364,False
-50.0,50,3558.628369,False
-50.0,50,3559.430427,False
-50.0,50,3560.230154,False
-50.0,50,3561.020607,False
-50.0,50,3561.819226,False
-50.0,50,3562.620045,False
-50.0,50,3563.422862,False
-50.0,50,3564.224074,False
-16.0,50,3565.016237,True
-50.0,50,3565.813158,False
-50.0,50,3566.608282,False
-50.0,50,3567.422158,False
-50.0,50,3568.217247,False
-50.0,50,3569.016286,False
-50.0,50,3569.810728,False
-50.0,50,3570.614202,False
-50.0,50,3571.40871,False
-50.0,50,3572.203588,False
-50.0,50,3573.000469,False
-50.0,50,3573.805082,False
-50.0,50,3574.602767,False
-50.0,50,3575.408678,False
-50.0,50,3576.206002,False
-50.0,50,3576.997805,False
-50.0,50,3577.787129,False
-50.0,50,3589.902579,False
-50.0,50,3590.694737,False
-50.0,50,3591.501107,False
-50.0,50,3592.301056,False
-50.0,50,3593.10646,False
-50.0,50,3593.908276,False
-50.0,50,3594.705802,False
-50.0,50,3595.505828,False
-50.0,50,3596.300637,False
-50.0,50,3597.098337,False
-50.0,50,3634.934676,False
-50.0,50,3635.733,False
-50.0,50,3636.52833,False
-50.0,50,3637.317554,False
-50.0,50,3638.112943,False
-50.0,50,3638.905932,False
-50.0,50,3639.705407,False
-50.0,50,3640.488513,False
-50.0,50,3641.279726,False
-50.0,50,3642.095501,False
-50.0,50,3642.899169,False
-50.0,50,3643.701833,False
-50.0,50,3644.496135,False
-50.0,50,3645.285964,False
-50.0,50,3646.078012,False
-50.0,50,3646.87358,False
-50.0,50,3647.685083,False
-50.0,50,3648.487845,False
-50.0,50,3649.286152,False
-50.0,50,3650.081392,False
-50.0,50,3650.872823,False
-50.0,50,3651.665874,False
-50.0,50,3652.459923,False
-50.0,50,3653.258669,False
-50.0,50,3654.061921,False
-50.0,50,3654.862998,False
-50.0,50,3655.658078,False
-50.0,50,3656.450367,False
-50.0,50,3657.250805,False
-50.0,50,3658.060476,False
-50.0,50,3658.862397,False
-50.0,50,3670.088041,False
-50.0,50,3670.880112,False
-50.0,50,3671.670264,False
-50.0,50,3672.459744,False
-50.0,50,3673.245137,False
-50.0,50,3674.053433,False
-50.0,50,3674.855474,False
-50.0,50,3675.649472,False
-50.0,50,3676.444831,False
-50.0,50,3677.234591,False
-50.0,50,3678.038106,False
-50.0,50,3678.837948,False
-50.0,50,3679.631047,False
-50.0,50,3680.421651,False
-50.0,50,3681.214127,False
-50.0,50,3682.007929,False
-50.0,50,3682.794951,False
-50.0,50,3683.588228,False
-50.0,50,3684.386314,False
-50.0,50,3685.184896,False
-50.0,50,3685.983282,False
-50.0,50,3686.771496,False
-50.0,50,3687.565813,False
-50.0,50,3688.353983,False
-50.0,50,3689.152434,False
-50.0,50,3689.954908,False
-50.0,50,3690.744515,False
-50.0,50,3691.529792,False
-50.0,50,3692.328566,False
-50.0,50,3693.129415,False
-50.0,50,3693.925651,False
-50.0,50,3694.719859,False
-50.0,50,3695.514777,False
-50.0,50,3696.309706,False
-2.0,50,3697.102201,True
-50.0,50,3697.90376,False
-50.0,50,3698.70419,False
-50.0,50,3699.496235,False
-50.0,50,3700.293357,False
-50.0,50,3701.090308,False
-50.0,50,3701.885717,False
-50.0,50,3713.000111,False
-50.0,50,3713.785028,False
-50.0,50,3714.595036,False
-50.0,50,3715.392606,False
-50.0,50,3716.189801,False
-50.0,50,3716.98289,False
-50.0,50,3717.790287,False
-50.0,50,3718.580319,False
-50.0,50,3719.38577,False
-50.0,50,3720.173212,False
-50.0,50,3720.962964,False
-50.0,50,3721.755178,False
-50.0,50,3722.541895,False
-50.0,50,3723.336549,False
-50.0,50,3724.133084,False
-50.0,50,3724.931731,False
-50.0,50,3725.730531,False
-50.0,50,3726.524958,False
-50.0,50,3727.318018,False
-50.0,50,3728.121854,False
-50.0,50,3728.915257,False
-50.0,50,3729.732028,False
-50.0,50,3730.537827,False
-50.0,50,3731.340441,False
-50.0,50,3732.141856,False
-50.0,50,3732.941916,False
-50.0,50,3733.73161,False
-50.0,50,3734.534183,False
-50.0,50,3735.327588,False
-50.0,50,3736.122876,False
-50.0,50,3736.921962,False
-50.0,50,3737.719532,False
-50.0,50,3738.538121,False
-50.0,50,3739.332166,False
-50.0,50,3740.123034,False
-50.0,50,3740.931098,False
-50.0,50,3741.717721,False
-1.0,50,3742.51345,True
-50.0,50,3743.307384,False
-50.0,50,3744.096175,False
-50.0,50,3756.376836,False
-50.0,50,3757.172318,False
-50.0,50,3757.963674,False
-50.0,50,3758.775007,False
-50.0,50,3759.573335,False
-50.0,50,3760.388137,False
-50.0,50,3761.183748,False
-50.0,50,3761.987289,False
-50.0,50,3762.78256,False
-50.0,50,3763.5738,False
-50.0,50,3764.36953,False
-50.0,50,3765.16087,False
-50.0,50,3765.960471,False
-50.0,50,3766.747677,False
-50.0,50,3767.544889,False
-50.0,50,3768.35041,False
-50.0,50,3769.147088,False
-50.0,50,3769.937356,False
-50.0,50,3770.733675,False
-50.0,50,3771.529364,False
-50.0,50,3772.329172,False
-50.0,50,3773.122553,False
-50.0,50,3773.919031,False
-50.0,50,3774.717263,False
-50.0,50,3775.525529,False
-50.0,50,3776.322545,False
-50.0,50,3777.114676,False
-50.0,50,3777.905939,False
-50.0,50,3778.714911,False
-50.0,50,3779.514303,False
-50.0,50,3780.313568,False
-50.0,50,3781.11564,False
-50.0,50,3781.91538,False
-50.0,50,3782.708157,False
-50.0,50,3783.498399,False
-50.0,50,3784.29465,False
-50.0,50,3785.084434,False
-50.0,50,3785.881462,False
-50.0,50,3786.675621,False
-50.0,50,3787.481836,False
-50.0,50,3788.272212,False
-50.0,50,3800.004013,False
-50.0,50,3800.804227,False
-50.0,50,3801.599268,False
-50.0,50,3802.389319,False
-50.0,50,3803.196545,False
-50.0,50,3803.987391,False
-50.0,50,3804.778471,False
-50.0,50,3805.568767,False
-50.0,50,3806.377453,False
-50.0,50,3807.174298,False
-50.0,50,3807.968555,False
-50.0,50,3808.764183,False
-50.0,50,3809.560766,False
-50.0,50,3810.356326,False
-50.0,50,3811.152241,False
-50.0,50,3811.93692,False
-50.0,50,3812.739889,False
-50.0,50,3813.540504,False
-50.0,50,3814.334028,False
-50.0,50,3815.140607,False
-50.0,50,3815.932828,False
-50.0,50,3816.731989,False
-50.0,50,3817.526119,False
-50.0,50,3818.32197,False
-50.0,50,3819.12359,False
-50.0,50,3819.937476,False
-50.0,50,3820.731782,False
-50.0,50,3821.531744,False
-50.0,50,3822.318769,False
-50.0,50,3823.120111,False
-50.0,50,3823.926141,False
-50.0,50,3824.729434,False
-50.0,50,3825.52835,False
-50.0,50,3826.323627,False
-50.0,50,3827.12606,False
0.0,50,3827.916099,True
-50.0,50,3828.72418,False
-50.0,50,3829.524996,False
-50.0,50,3830.320533,False
-50.0,50,3831.110383,False
-50.0,50,3831.917622,False
-50.0,50,3843.690564,False
-2.0,50,3844.476613,True
-50.0,50,3845.268493,False
-50.0,50,3846.063392,False
-50.0,50,3846.88524,False
-50.0,50,3847.683356,False
-50.0,50,3848.470275,False
-50.0,50,3849.268335,False
-50.0,50,3850.070664,False
-50.0,50,3850.871161,False
-50.0,50,3851.676008,False
-50.0,50,3852.473956,False
-50.0,50,3853.260835,False
-50.0,50,3854.058476,False
-50.0,50,3854.860027,False
-50.0,50,3855.666367,False
-50.0,50,3856.467442,False
-50.0,50,3857.256322,False
-50.0,50,3858.045994,False
-50.0,50,3858.832674,False
-50.0,50,3859.625048,False
-50.0,50,3860.424265,False
-50.0,50,3861.215938,False
-50.0,50,3862.009865,False
-50.0,50,3862.807677,False
-50.0,50,3863.605227,False
-50.0,50,3864.400016,False
-50.0,50,3865.19173,False
-50.0,50,3865.993683,False
-50.0,50,3866.781557,False
-50.0,50,3867.575652,False
-50.0,50,3868.358092,False
-50.0,50,3869.143778,False
-50.0,50,3869.928672,False
-50.0,50,3870.723832,False
-50.0,50,3871.516033,False
-50.0,50,3872.314443,False
-50.0,50,3873.116103,False
-50.0,50,3873.909449,False
-50.0,50,3874.707114,False
-50.0,50,3875.497269,False
-50.0,50,3887.858124,False
-50.0,50,3888.648049,False
-50.0,50,3889.4669,False
-50.0,50,3890.257074,False
-50.0,50,3891.051273,False
-50.0,50,3891.856596,False
-50.0,50,3892.655079,False
-50.0,50,3893.451756,False
-50.0,50,3894.250591,False
-50.0,50,3895.051074,False
-50.0,50,3895.849672,False
-50.0,50,3896.651178,False
-50.0,50,3897.448707,False
-50.0,50,3898.242272,False
-50.0,50,3899.03937,False
-50.0,50,3936.275359,False
-50.0,50,3937.077034,False
-50.0,50,3937.871894,False
-50.0,50,3938.669264,False
-50.0,50,3939.478404,False
-50.0,50,3940.265196,False
-50.0,50,3941.062958,False
-50.0,50,3941.854675,False
-50.0,50,3942.639603,False
-50.0,50,3943.449067,False
-50.0,50,3944.249101,False
-50.0,50,3945.049991,False
-50.0,50,3945.844658,False
-50.0,50,3946.638168,False
-50.0,50,3947.434901,False
-50.0,50,3948.236302,False
-50.0,50,3949.030659,False
-50.0,50,3949.842103,False
-50.0,50,3950.651908,False
-50.0,50,3951.539511,False
-50.0,50,3952.363706,False
-50.0,50,3953.163065,False
-50.0,50,3953.958586,False
-50.0,50,3954.765492,False
-50.0,50,3955.560101,False
-50.0,50,3956.352624,False
-50.0,50,3967.910223,False
-50.0,50,3968.701805,False
-50.0,50,3969.50552,False
-50.0,50,3970.296134,False
-50.0,50,3971.094968,False
-50.0,50,3971.892963,False
-50.0,50,3972.706807,False
-50.0,50,3973.492687,False
-50.0,50,3974.294074,False
-50.0,50,3975.096566,False
-50.0,50,3975.906554,False
-50.0,50,3976.707084,False
-50.0,50,3977.49157,False
-50.0,50,3978.288385,False
-50.0,50,3979.084956,False
-50.0,50,3979.880552,False
-50.0,50,3980.686154,False
-50.0,50,3981.479084,False
-50.0,50,3982.268617,False
-50.0,50,3983.103221,False
-50.0,50,3983.892205,False
-50.0,50,3984.683064,False
-50.0,50,3985.485132,False
-50.0,50,3986.290064,False
-50.0,50,3987.089927,False
-50.0,50,3987.889915,False
-50.0,50,3988.693762,False
-50.0,50,3989.48517,False
-50.0,50,3990.272526,False
-50.0,50,3991.058958,False
-50.0,50,3991.863532,False
-50.0,50,3992.656801,False
-50.0,50,3993.457009,False
-50.0,50,3994.244688,False
-50.0,50,3995.053623,False
-50.0,50,3995.84465,False
-50.0,50,3996.637875,False
-50.0,50,3997.434157,False
-50.0,50,3998.226133,False
-50.0,50,3999.013522,False
-50.0,50,3999.810376,False
-50.0,50,4011.206082,False
-50.0,50,4012.001302,False
-50.0,50,4012.794728,False
-50.0,50,4013.590566,False
-50.0,50,4014.390205,False
-50.0,50,4015.195755,False
-50.0,50,4015.996797,False
-50.0,50,4016.797945,False
-50.0,50,4017.604497,False
-50.0,50,4018.410631,False
-50.0,50,4019.205553,False
-50.0,50,4019.995892,False
-50.0,50,4020.791527,False
-50.0,50,4021.59306,False
-50.0,50,4022.388859,False
-50.0,50,4023.200819,False
-50.0,50,4023.992473,False
-50.0,50,4024.784393,False
-50.0,50,4025.580445,False
-50.0,50,4026.385395,False
-50.0,50,4027.18129,False
-50.0,50,4027.978013,False
-50.0,50,4028.774879,False
-50.0,50,4029.57583,False
-50.0,50,4030.373731,False
-50.0,50,4031.173183,False
-50.0,50,4031.968469,False
-50.0,50,4032.778068,False
-50.0,50,4033.583656,False
-50.0,50,4034.372872,False
-50.0,50,4035.175114,False
-50.0,50,4035.966995,False
-50.0,50,4036.778556,False
-50.0,50,4037.579483,False
-50.0,50,4038.392051,False
-50.0,50,4039.183066,False
-50.0,50,4039.978173,False
-50.0,50,4040.77267,False
-50.0,50,4041.565903,False
-50.0,50,4042.388421,False
-50.0,50,4043.244854,False
-50.0,50,4055.089454,False
-50.0,50,4055.883762,False
-50.0,50,4056.681207,False
-50.0,50,4057.478614,False
-50.0,50,4058.280238,False
-50.0,50,4059.080491,False
-50.0,50,4059.880503,False
-50.0,50,4060.681647,False
-50.0,50,4061.480119,False
-50.0,50,4062.274002,False
-50.0,50,4063.083476,False
-50.0,50,4063.896027,False
-50.0,50,4064.704443,False
-50.0,50,4065.498712,False
-50.0,50,4066.283092,False
-50.0,50,4067.097761,False
-50.0,50,4067.89309,False
-50.0,50,4068.697915,False
-50.0,50,4069.49006,False
-50.0,50,4070.286424,False
-50.0,50,4071.180022,False
-50.0,50,4071.994553,False
-50.0,50,4072.808974,False
-50.0,50,4073.606442,False
-50.0,50,4074.430181,False
-50.0,50,4075.240839,False
-50.0,50,4076.044875,False
-50.0,50,4076.854021,False
-50.0,50,4077.663433,False
-50.0,50,4078.468041,False
-50.0,50,4079.267605,False
-50.0,50,4080.058513,False
-50.0,50,4080.863988,False
-50.0,50,4081.653439,False
-50.0,50,4082.451757,False
-50.0,50,4083.248213,False
-50.0,50,4084.042603,False
-50.0,50,4084.831328,False
-50.0,50,4085.631881,False
-50.0,50,4086.427189,False
-50.0,50,4087.229706,False
-50.0,50,4098.403627,False
-50.0,50,4099.21215,False
-50.0,50,4099.993967,False
-50.0,50,4100.790343,False
-50.0,50,4101.587767,False
-50.0,50,4102.373147,False
-50.0,50,4103.162695,False
-50.0,50,4103.944904,False
-50.0,50,4104.736398,False
-50.0,50,4105.53977,False
-50.0,50,4106.332759,False
-50.0,50,4107.122739,False
-50.0,50,4107.919684,False
-50.0,50,4108.711665,False
-50.0,50,4109.511666,False
-50.0,50,4110.310145,False
-50.0,50,4111.100785,False
-50.0,50,4111.896038,False
-50.0,50,4112.690491,False
-50.0,50,4113.571335,False
-50.0,50,4114.406217,False
-50.0,50,4115.213881,False
-50.0,50,4116.006002,False
-50.0,50,4116.832843,False
-50.0,50,4117.650412,False
-50.0,50,4118.480207,False
-50.0,50,4119.279727,False
-50.0,50,4120.078036,False
-50.0,50,4120.871283,False
-50.0,50,4121.674165,False
-50.0,50,4122.471271,False
-50.0,50,4123.260676,False
-50.0,50,4124.060431,False
-50.0,50,4124.855112,False
-50.0,50,4125.658535,False
-50.0,50,4126.450818,False
-50.0,50,4127.235672,False
-50.0,50,4128.035323,False
-50.0,50,4128.838572,False
-50.0,50,4129.63442,False
-50.0,50,4130.427978,False
-50.0,50,4141.022807,False
-50.0,50,4141.817531,False
-50.0,50,4142.614192,False
-50.0,50,4143.409797,False
-50.0,50,4144.200341,False
-50.0,50,4144.993656,False
-50.0,50,4145.797782,False
-50.0,50,4146.595382,False
-50.0,50,4147.402056,False
-50.0,50,4148.227964,False
-50.0,50,4149.017087,False
-50.0,50,4149.814178,False
-50.0,50,4150.610592,False
-50.0,50,4151.399464,False
-50.0,50,4152.194039,False
-2.0,50,4153.009583,True
-50.0,50,4153.88935,False
-50.0,50,4154.723443,False
-50.0,50,4155.518537,False
-50.0,50,4156.3188,False
-50.0,50,4157.120842,False
-50.0,50,4157.921643,False
-50.0,50,4158.724056,False
-50.0,50,4159.528653,False
-50.0,50,4160.320174,False
-50.0,50,4161.121523,False
-50.0,50,4161.917881,False
-50.0,50,4162.714201,False
-50.0,50,4163.511618,False
-50.0,50,4164.302596,False
-50.0,50,4165.097192,False
-50.0,50,4165.891688,False
-50.0,50,4166.684737,False
-50.0,50,4167.475273,False
-50.0,50,4168.263293,False
-50.0,50,4169.057712,False
-50.0,50,4169.850972,False
-50.0,50,4170.642695,False
-50.0,50,4171.441281,False
-50.0,50,4172.243439,False
-50.0,50,4173.040628,False
-50.0,50,4184.674103,False
-50.0,50,4185.469609,False
-50.0,50,4186.262488,False
-50.0,50,4187.059321,False
-50.0,50,4187.853411,False
-50.0,50,4188.644074,False
-50.0,50,4189.437009,False
-50.0,50,4190.237895,False
-50.0,50,4191.033659,False
-50.0,50,4191.828444,False
-50.0,50,4192.629033,False
-50.0,50,4193.423374,False
-50.0,50,4194.221166,False
-50.0,50,4195.022674,False
-50.0,50,4195.816261,False
-50.0,50,4196.619188,False
-50.0,50,4197.409006,False
-50.0,50,4198.883266,False
-50.0,50,4200.025159,False
-50.0,50,4237.898657,False
-50.0,50,4238.747161,False
-50.0,50,4239.563075,False
-50.0,50,4240.368552,False
-50.0,50,4241.195687,False
-50.0,50,4241.993414,False
-50.0,50,4242.806728,False
-50.0,50,4243.609446,False
-50.0,50,4244.418234,False
-50.0,50,4245.227402,False
0.0,50,4246.030026,True
-50.0,50,4246.83528,False
-50.0,50,4247.637985,False
-50.0,50,4248.447188,False
-50.0,50,4249.254633,False
-50.0,50,4250.079053,False
-50.0,50,4250.880225,False
-50.0,50,4251.680504,False
-50.0,50,4252.490035,False
-50.0,50,4253.293668,False
-50.0,50,4254.09739,False
-50.0,50,4254.902813,False
-50.0,50,4265.727907,False
-50.0,50,4266.528142,False
-50.0,50,4267.322946,False
-50.0,50,4268.125342,False
-50.0,50,4268.943537,False
-50.0,50,4269.748056,False
-50.0,50,4270.54832,False
-50.0,50,4271.347636,False
-50.0,50,4272.158356,False
-50.0,50,4272.9554,False
-50.0,50,4273.777716,False
-50.0,50,4274.599347,False
-50.0,50,4275.406297,False
-50.0,50,4276.20807,False
-50.0,50,4277.027568,False
-50.0,50,4277.852153,False
-50.0,50,4278.650664,False
-50.0,50,4279.456553,False
-50.0,50,4280.26917,False
-50.0,50,4281.071131,False
-50.0,50,4281.884316,False
-50.0,50,4282.691106,False
-50.0,50,4283.502635,False
-50.0,50,4284.306116,False
-50.0,50,4285.115221,False
-50.0,50,4285.912356,False
-50.0,50,4286.714007,False
-50.0,50,4287.520001,False
-50.0,50,4288.323881,False
-50.0,50,4289.143894,False
-50.0,50,4289.951655,False
-50.0,50,4290.751684,False
-50.0,50,4291.565624,False
-50.0,50,4292.360929,False
-50.0,50,4293.166172,False
-50.0,50,4293.959816,False
-50.0,50,4294.763861,False
-50.0,50,4295.559111,False
-50.0,50,4296.364224,False
-50.0,50,4297.16636,False
-50.0,50,4297.957396,False
-50.0,50,4309.736928,False
-50.0,50,4310.537345,False
-50.0,50,4311.337513,False
-50.0,50,4312.14121,False
-50.0,50,4312.951954,False
-50.0,50,4313.762706,False
-50.0,50,4314.580105,False
-50.0,50,4315.383844,False
-50.0,50,4316.199277,False
-50.0,50,4316.997958,False
-50.0,50,4317.808436,False
-50.0,50,4318.615376,False
-50.0,50,4319.418027,False
-50.0,50,4320.241803,False
-50.0,50,4321.052977,False
-50.0,50,4321.85762,False
-50.0,50,4322.663863,False
-50.0,50,4323.479958,False
-50.0,50,4324.280169,False
-50.0,50,4325.07998,False
-50.0,50,4325.887027,False
-50.0,50,4326.702535,False
-50.0,50,4327.510232,False
-50.0,50,4328.307851,False
-50.0,50,4329.115967,False
-50.0,50,4329.922554,False
-50.0,50,4330.72791,False
-50.0,50,4331.532026,False
-50.0,50,4332.339302,False
-50.0,50,4333.157666,False
-50.0,50,4333.971676,False
-50.0,50,4334.786811,False
-50.0,50,4335.596539,False
-50.0,50,4336.415402,False
-50.0,50,4337.228981,False
-50.0,50,4338.031671,False
-50.0,50,4338.839063,False
-50.0,50,4339.651904,False
-50.0,50,4340.466126,False
-50.0,50,4341.266184,False
-50.0,50,4342.084243,False
-50.0,50,4353.219023,False
-50.0,50,4354.027015,False
-50.0,50,4354.8416,False
-50.0,50,4355.674771,False
-50.0,50,4356.490985,False
-50.0,50,4357.30286,False
-50.0,50,4358.105128,False
-50.0,50,4358.921186,False
-50.0,50,4359.730597,False
-50.0,50,4360.588421,False
-50.0,50,4361.398792,False
-50.0,50,4362.205506,False
-50.0,50,4363.018907,False
-50.0,50,4363.818319,False
-50.0,50,4364.619066,False
-50.0,50,4365.491145,False
-50.0,50,4366.289573,False
-50.0,50,4367.098625,False
-50.0,50,4367.893957,False
-50.0,50,4368.706184,False
-50.0,50,4369.513064,False
-50.0,50,4370.316046,False
-50.0,50,4371.125748,False
-50.0,50,4371.925378,False
-50.0,50,4372.754514,False
-50.0,50,4373.575391,False
-50.0,50,4374.413541,False
-50.0,50,4375.220173,False
-50.0,50,4376.037931,False
-50.0,50,4376.858796,False
-50.0,50,4377.671122,False
-50.0,50,4378.485774,False
-50.0,50,4379.344762,False
-50.0,50,4380.14645,False
-50.0,50,4380.942796,False
-50.0,50,4381.750865,False
-50.0,50,4382.563512,False
-50.0,50,4383.371989,False
-50.0,50,4384.171247,False
-50.0,50,4384.982573,False
-50.0,50,4385.821729,False
-50.0,50,4396.890693,False
-50.0,50,4397.701057,False
-50.0,50,4398.514456,False
-50.0,50,4399.320161,False
-50.0,50,4400.141544,False
-50.0,50,4400.937628,False
-50.0,50,4401.746428,False
-50.0,50,4402.54776,False
-50.0,50,4403.359905,False
-50.0,50,4404.174808,False
-50.0,50,4404.977862,False
-50.0,50,4405.777938,False
-50.0,50,4406.576026,False
-50.0,50,4407.38186,False
-50.0,50,4408.178463,False
-50.0,50,4408.986418,False
-50.0,50,4409.79001,False
-50.0,50,4410.600219,False
-50.0,50,4411.400262,False
-50.0,50,4412.21051,False
-50.0,50,4413.025651,False
-50.0,50,4413.856091,False
-50.0,50,4414.686244,False
